run_id,run_started_at,run_url,git_sha,sf,test,runner,cpu,mem_gb,python,engine,engine_version,engine_status,run_type,phase,query,dur,rows,status,error
35732997698-1,2026-09-22T14:23:39Z,https://github.com/djouallah/lakehouse_benchmark/actions/runs/35732997698,947f402,10,tpcds,linux-6.17.0-1022-azure,4,15.6,3.12.14,duckdb_iceberg,2.0.0.dev2609121639,ok,cold,setup,0,8.7192,,ok,
35732997698-1,2026-09-22T14:23:39Z,https://github.com/djouallah/lakehouse_benchmark/actions/runs/35732997698,947f402,10,tpcds,linux-6.17.0-1022-azure,4,15.6,3.12.14,duckdb_iceberg,2.0.0.dev2609121639,ok,cold,query,1,4.7726,100,ok,
35732997698-1,2026-09-22T14:23:39Z,https://github.com/djouallah/lakehouse_benchmark/actions/runs/35732997698,947f402,10,tpcds,linux-6.17.0-1022-azure,4,15.6,3.12.14,duckdb_iceberg,2.0.0.dev2609121639,ok,cold,query,2,2.8313,2513,ok,
35732997698-1,2026-09-22T14:23:39Z,https://github.com/djouallah/lakehouse_benchmark/actions/runs/35732997698,947f402,10,tpcds,linux-6.17.0-1022-azure,4,15.6,3.12.14,duckdb_iceberg,2.0.0.dev2609121639,ok,cold,query,3,4.5117,100,ok,
35732997698-1,2026-09-22T14:23:39Z,https://github.com/djouallah/lakehouse_benchmark/actions/runs/35732997698,947f402,10,tpcds,linux-6.17.0-1022-azure,4,15.6,3.12.14,duckdb_iceberg,2.0.0.dev2609121639,ok,cold,query,4,2.5697,100,ok,
35732997698-1,2026-09-22T14:23:39Z,https://github.com/djouallah/lakehouse_benchmark/actions/runs/35732997698,947f402,10,tpcds,linux-6.17.0-1022-azure,4,15.6,3.12.14,duckdb_iceberg,2.0.0.dev2609121639,ok,cold,query,5,1.8157,100,ok,
35732997698-1,2026-09-22T14:23:39Z,https://github.com/djouallah/lakehouse_benchmark/actions/runs/35732997698,947f402,10,tpcds,linux-6.17.0-1022-azure,4,15.6,3.12.14,duckdb_iceberg,2.0.0.dev2609121639,ok,cold,query,6,0.6933,51,ok,
35732997698-1,2026-09-22T14:23:39Z,https://github.com/djouallah/lakehouse_benchmark/actions/runs/35732997698,947f402,10,tpcds,linux-6.17.0-1022-azure,4,15.6,3.12.14,duckdb_iceberg,2.0.0.dev2609121639,ok,cold,query,7,0.9801,100,ok,
35732997698-1,2026-09-22T14:23:39Z,https://github.com/djouallah/lakehouse_benchmark/actions/runs/35732997698,947f402,10,tpcds,linux-6.17.0-1022-azure,4,15.6,3.12.14,duckdb_iceberg,2.0.0.dev2609121639,ok,cold,query,8,0.2737,9,ok,
35732997698-1,2026-09-22T14:23:39Z,https://github.com/djouallah/lakehouse_benchmark/actions/runs/35732997698,947f402,10,tpcds,linux-6.17.0-1022-azure,4,15.6,3.12.14,duckdb_iceberg,2.0.0.dev2609121639,ok,cold,query,9,2.3689,1,ok,
35732997698-1,2026-09-22T14:23:39Z,https://github.com/djouallah/lakehouse_benchmark/actions/runs/35732997698,947f402,10,tpcds,linux-6.17.0-1022-azure,4,15.6,3.12.14,duckdb_iceberg,2.0.0.dev2609121639,ok,cold,query,10,0.3561,100,ok,
35732997698-1,2026-09-22T14:23:39Z,https://github.com/djouallah/lakehouse_benchmark/actions/runs/35732997698,947f402,10,tpcds,linux-6.17.0-1022-azure,4,15.6,3.12.14,duckdb_iceberg,2.0.0.dev2609121639,ok,cold,query,11,1.0003,100,ok,
35732997698-1,2026-09-22T14:23:39Z,https://github.com/djouallah/lakehouse_benchmark/actions/runs/35732997698,947f402,10,tpcds,linux-6.17.0-1022-azure,4,15.6,3.12.14,duckdb_iceberg,2.0.0.dev2609121639,ok,cold,query,12,0.1791,100,ok,
35732997698-1,2026-09-22T14:23:39Z,https://github.com/djouallah/lakehouse_benchmark/actions/runs/35732997698,947f402,10,tpcds,linux-6.17.0-1022-azure,4,15.6,3.12.14,duckdb_iceberg,2.0.0.dev2609121639,ok,cold,query,13,0.9608,1,ok,
35732997698-1,2026-09-22T14:23:39Z,https://github.com/djouallah/lakehouse_benchmark/actions/runs/35732997698,947f402,10,tpcds,linux-6.17.0-1022-azure,4,15.6,3.12.14,duckdb_iceberg,2.0.0.dev2609121639,ok,cold,query,14,3.0851,100,ok,
35732997698-1,2026-09-22T14:23:39Z,https://github.com/djouallah/lakehouse_benchmark/actions/runs/35732997698,947f402,10,tpcds,linux-6.17.0-1022-azure,4,15.6,3.12.14,duckdb_iceberg,2.0.0.dev2609121639,ok,cold,query,15,0.1113,100,ok,
35732997698-1,2026-09-22T14:23:39Z,https://github.com/djouallah/lakehouse_benchmark/actions/runs/35732997698,947f402,10,tpcds,linux-6.17.0-1022-azure,4,15.6,3.12.14,duckdb_iceberg,2.0.0.dev2609121639,ok,cold,query,16,1.8552,1,ok,
35732997698-1,2026-09-22T14:23:39Z,https://github.com/djouallah/lakehouse_benchmark/actions/runs/35732997698,947f402,10,tpcds,linux-6.17.0-1022-azure,4,15.6,3.12.14,duckdb_iceberg,2.0.0.dev2609121639,ok,cold,query,17,1.6212,0,ok,
35732997698-1,2026-09-22T14:23:39Z,https://github.com/djouallah/lakehouse_benchmark/actions/runs/35732997698,947f402,10,tpcds,linux-6.17.0-1022-azure,4,15.6,3.12.14,duckdb_iceberg,2.0.0.dev2609121639,ok,cold,query,18,0.6827,100,ok,
35732997698-1,2026-09-22T14:23:39Z,https://github.com/djouallah/lakehouse_benchmark/actions/runs/35732997698,947f402,10,tpcds,linux-6.17.0-1022-azure,4,15.6,3.12.14,duckdb_iceberg,2.0.0.dev2609121639,ok,cold,query,19,2.2766,100,ok,
35732997698-1,2026-09-22T14:23:39Z,https://github.com/djouallah/lakehouse_benchmark/actions/runs/35732997698,947f402,10,tpcds,linux-6.17.0-1022-azure,4,15.6,3.12.14,duckdb_iceberg,2.0.0.dev2609121639,ok,cold,query,20,0.0744,100,ok,
35732997698-1,2026-09-22T14:23:39Z,https://github.com/djouallah/lakehouse_benchmark/actions/runs/35732997698,947f402,10,tpcds,linux-6.17.0-1022-azure,4,15.6,3.12.14,duckdb_iceberg,2.0.0.dev2609121639,ok,cold,query,21,0.8133,100,ok,
35732997698-1,2026-09-22T14:23:39Z,https://github.com/djouallah/lakehouse_benchmark/actions/runs/35732997698,947f402,10,tpcds,linux-6.17.0-1022-azure,4,15.6,3.12.14,duckdb_iceberg,2.0.0.dev2609121639,ok,cold,query,22,1.8119,100,ok,
35732997698-1,2026-09-22T14:23:39Z,https://github.com/djouallah/lakehouse_benchmark/actions/runs/35732997698,947f402,10,tpcds,linux-6.17.0-1022-azure,4,15.6,3.12.14,duckdb_iceberg,2.0.0.dev2609121639,ok,cold,query,23,4.421,100,ok,
35732997698-1,2026-09-22T14:23:39Z,https://github.com/djouallah/lakehouse_benchmark/actions/runs/35732997698,947f402,10,tpcds,linux-6.17.0-1022-azure,4,15.6,3.12.14,duckdb_iceberg,2.0.0.dev2609121639,ok,cold,query,24,0.6151,7,ok,
35732997698-1,2026-09-22T14:23:39Z,https://github.com/djouallah/lakehouse_benchmark/actions/runs/35732997698,947f402,10,tpcds,linux-6.17.0-1022-azure,4,15.6,3.12.14,duckdb_iceberg,2.0.0.dev2609121639,ok,cold,query,25,0.2606,1,ok,
35732997698-1,2026-09-22T14:23:39Z,https://github.com/djouallah/lakehouse_benchmark/actions/runs/35732997698,947f402,10,tpcds,linux-6.17.0-1022-azure,4,15.6,3.12.14,duckdb_iceberg,2.0.0.dev2609121639,ok,cold,query,26,0.2634,100,ok,
35732997698-1,2026-09-22T14:23:39Z,https://github.com/djouallah/lakehouse_benchmark/actions/runs/35732997698,947f402,10,tpcds,linux-6.17.0-1022-azure,4,15.6,3.12.14,duckdb_iceberg,2.0.0.dev2609121639,ok,cold,query,27,0.5037,100,ok,
35732997698-1,2026-09-22T14:23:39Z,https://github.com/djouallah/lakehouse_benchmark/actions/runs/35732997698,947f402,10,tpcds,linux-6.17.0-1022-azure,4,15.6,3.12.14,duckdb_iceberg,2.0.0.dev2609121639,ok,cold,query,28,1.8778,1,ok,
35732997698-1,2026-09-22T14:23:39Z,https://github.com/djouallah/lakehouse_benchmark/actions/runs/35732997698,947f402,10,tpcds,linux-6.17.0-1022-azure,4,15.6,3.12.14,duckdb_iceberg,2.0.0.dev2609121639,ok,cold,query,29,0.3713,3,ok,
35732997698-1,2026-09-22T14:23:39Z,https://github.com/djouallah/lakehouse_benchmark/actions/runs/35732997698,947f402,10,tpcds,linux-6.17.0-1022-azure,4,15.6,3.12.14,duckdb_iceberg,2.0.0.dev2609121639,ok,cold,query,30,0.2833,100,ok,
35732997698-1,2026-09-22T14:23:39Z,https://github.com/djouallah/lakehouse_benchmark/actions/runs/35732997698,947f402,10,tpcds,linux-6.17.0-1022-azure,4,15.6,3.12.14,duckdb_iceberg,2.0.0.dev2609121639,ok,cold,query,31,0.4023,288,ok,
35732997698-1,2026-09-22T14:23:39Z,https://github.com/djouallah/lakehouse_benchmark/actions/runs/35732997698,947f402,10,tpcds,linux-6.17.0-1022-azure,4,15.6,3.12.14,duckdb_iceberg,2.0.0.dev2609121639,ok,cold,query,32,0.051,1,ok,
35732997698-1,2026-09-22T14:23:39Z,https://github.com/djouallah/lakehouse_benchmark/actions/runs/35732997698,947f402,10,tpcds,linux-6.17.0-1022-azure,4,15.6,3.12.14,duckdb_iceberg,2.0.0.dev2609121639,ok,cold,query,33,0.4126,100,ok,
35732997698-1,2026-09-22T14:23:39Z,https://github.com/djouallah/lakehouse_benchmark/actions/runs/35732997698,947f402,10,tpcds,linux-6.17.0-1022-azure,4,15.6,3.12.14,duckdb_iceberg,2.0.0.dev2609121639,ok,cold,query,34,0.3908,1546,ok,
35732997698-1,2026-09-22T14:23:39Z,https://github.com/djouallah/lakehouse_benchmark/actions/runs/35732997698,947f402,10,tpcds,linux-6.17.0-1022-azure,4,15.6,3.12.14,duckdb_iceberg,2.0.0.dev2609121639,ok,cold,query,35,0.5308,100,ok,
35732997698-1,2026-09-22T14:23:39Z,https://github.com/djouallah/lakehouse_benchmark/actions/runs/35732997698,947f402,10,tpcds,linux-6.17.0-1022-azure,4,15.6,3.12.14,duckdb_iceberg,2.0.0.dev2609121639,ok,cold,query,36,0.5174,100,ok,
35732997698-1,2026-09-22T14:23:39Z,https://github.com/djouallah/lakehouse_benchmark/actions/runs/35732997698,947f402,10,tpcds,linux-6.17.0-1022-azure,4,15.6,3.12.14,duckdb_iceberg,2.0.0.dev2609121639,ok,cold,query,37,0.755,2,ok,
35732997698-1,2026-09-22T14:23:39Z,https://github.com/djouallah/lakehouse_benchmark/actions/runs/35732997698,947f402,10,tpcds,linux-6.17.0-1022-azure,4,15.6,3.12.14,duckdb_iceberg,2.0.0.dev2609121639,ok,cold,query,38,0.592,1,ok,
35732997698-1,2026-09-22T14:23:39Z,https://github.com/djouallah/lakehouse_benchmark/actions/runs/35732997698,947f402,10,tpcds,linux-6.17.0-1022-azure,4,15.6,3.12.14,duckdb_iceberg,2.0.0.dev2609121639,ok,cold,query,39,0.541,2433,ok,
35732997698-1,2026-09-22T14:23:39Z,https://github.com/djouallah/lakehouse_benchmark/actions/runs/35732997698,947f402,10,tpcds,linux-6.17.0-1022-azure,4,15.6,3.12.14,duckdb_iceberg,2.0.0.dev2609121639,ok,cold,query,40,0.3838,100,ok,
35732997698-1,2026-09-22T14:23:39Z,https://github.com/djouallah/lakehouse_benchmark/actions/runs/35732997698,947f402,10,tpcds,linux-6.17.0-1022-azure,4,15.6,3.12.14,duckdb_iceberg,2.0.0.dev2609121639,ok,cold,query,41,0.0474,41,ok,
35732997698-1,2026-09-22T14:23:39Z,https://github.com/djouallah/lakehouse_benchmark/actions/runs/35732997698,947f402,10,tpcds,linux-6.17.0-1022-azure,4,15.6,3.12.14,duckdb_iceberg,2.0.0.dev2609121639,ok,cold,query,42,0.2338,11,ok,
35732997698-1,2026-09-22T14:23:39Z,https://github.com/djouallah/lakehouse_benchmark/actions/runs/35732997698,947f402,10,tpcds,linux-6.17.0-1022-azure,4,15.6,3.12.14,duckdb_iceberg,2.0.0.dev2609121639,ok,cold,query,43,0.3654,17,ok,
35732997698-1,2026-09-22T14:23:39Z,https://github.com/djouallah/lakehouse_benchmark/actions/runs/35732997698,947f402,10,tpcds,linux-6.17.0-1022-azure,4,15.6,3.12.14,duckdb_iceberg,2.0.0.dev2609121639,ok,cold,query,44,0.9048,10,ok,
35732997698-1,2026-09-22T14:23:39Z,https://github.com/djouallah/lakehouse_benchmark/actions/runs/35732997698,947f402,10,tpcds,linux-6.17.0-1022-azure,4,15.6,3.12.14,duckdb_iceberg,2.0.0.dev2609121639,ok,cold,query,45,0.1766,49,ok,
35732997698-1,2026-09-22T14:23:39Z,https://github.com/djouallah/lakehouse_benchmark/actions/runs/35732997698,947f402,10,tpcds,linux-6.17.0-1022-azure,4,15.6,3.12.14,duckdb_iceberg,2.0.0.dev2609121639,ok,cold,query,46,0.5729,100,ok,
35732997698-1,2026-09-22T14:23:39Z,https://github.com/djouallah/lakehouse_benchmark/actions/runs/35732997698,947f402,10,tpcds,linux-6.17.0-1022-azure,4,15.6,3.12.14,duckdb_iceberg,2.0.0.dev2609121639,ok,cold,query,47,1.1398,100,ok,
35732997698-1,2026-09-22T14:23:39Z,https://github.com/djouallah/lakehouse_benchmark/actions/runs/35732997698,947f402,10,tpcds,linux-6.17.0-1022-azure,4,15.6,3.12.14,duckdb_iceberg,2.0.0.dev2609121639,ok,cold,query,48,0.6747,1,ok,
35732997698-1,2026-09-22T14:23:39Z,https://github.com/djouallah/lakehouse_benchmark/actions/runs/35732997698,947f402,10,tpcds,linux-6.17.0-1022-azure,4,15.6,3.12.14,duckdb_iceberg,2.0.0.dev2609121639,ok,cold,query,49,0.7275,41,ok,
35732997698-1,2026-09-22T14:23:39Z,https://github.com/djouallah/lakehouse_benchmark/actions/runs/35732997698,947f402,10,tpcds,linux-6.17.0-1022-azure,4,15.6,3.12.14,duckdb_iceberg,2.0.0.dev2609121639,ok,cold,query,50,0.8351,51,ok,
35732997698-1,2026-09-22T14:23:39Z,https://github.com/djouallah/lakehouse_benchmark/actions/runs/35732997698,947f402,10,tpcds,linux-6.17.0-1022-azure,4,15.6,3.12.14,duckdb_iceberg,2.0.0.dev2609121639,ok,cold,query,51,2.805,100,ok,
35732997698-1,2026-09-22T14:23:39Z,https://github.com/djouallah/lakehouse_benchmark/actions/runs/35732997698,947f402,10,tpcds,linux-6.17.0-1022-azure,4,15.6,3.12.14,duckdb_iceberg,2.0.0.dev2609121639,ok,cold,query,52,0.2265,100,ok,
35732997698-1,2026-09-22T14:23:39Z,https://github.com/djouallah/lakehouse_benchmark/actions/runs/35732997698,947f402,10,tpcds,linux-6.17.0-1022-azure,4,15.6,3.12.14,duckdb_iceberg,2.0.0.dev2609121639,ok,cold,query,53,0.3343,100,ok,
35732997698-1,2026-09-22T14:23:39Z,https://github.com/djouallah/lakehouse_benchmark/actions/runs/35732997698,947f402,10,tpcds,linux-6.17.0-1022-azure,4,15.6,3.12.14,duckdb_iceberg,2.0.0.dev2609121639,ok,cold,query,54,0.3272,1,ok,
35732997698-1,2026-09-22T14:23:39Z,https://github.com/djouallah/lakehouse_benchmark/actions/runs/35732997698,947f402,10,tpcds,linux-6.17.0-1022-azure,4,15.6,3.12.14,duckdb_iceberg,2.0.0.dev2609121639,ok,cold,query,55,0.2412,100,ok,
35732997698-1,2026-09-22T14:23:39Z,https://github.com/djouallah/lakehouse_benchmark/actions/runs/35732997698,947f402,10,tpcds,linux-6.17.0-1022-azure,4,15.6,3.12.14,duckdb_iceberg,2.0.0.dev2609121639,ok,cold,query,56,0.3782,100,ok,
35732997698-1,2026-09-22T14:23:39Z,https://github.com/djouallah/lakehouse_benchmark/actions/runs/35732997698,947f402,10,tpcds,linux-6.17.0-1022-azure,4,15.6,3.12.14,duckdb_iceberg,2.0.0.dev2609121639,ok,cold,query,57,0.4295,100,ok,
35732997698-1,2026-09-22T14:23:39Z,https://github.com/djouallah/lakehouse_benchmark/actions/runs/35732997698,947f402,10,tpcds,linux-6.17.0-1022-azure,4,15.6,3.12.14,duckdb_iceberg,2.0.0.dev2609121639,ok,cold,query,58,0.3663,38,ok,
35732997698-1,2026-09-22T14:23:39Z,https://github.com/djouallah/lakehouse_benchmark/actions/runs/35732997698,947f402,10,tpcds,linux-6.17.0-1022-azure,4,15.6,3.12.14,duckdb_iceberg,2.0.0.dev2609121639,ok,cold,query,59,1.1135,100,ok,
35732997698-1,2026-09-22T14:23:39Z,https://github.com/djouallah/lakehouse_benchmark/actions/runs/35732997698,947f402,10,tpcds,linux-6.17.0-1022-azure,4,15.6,3.12.14,duckdb_iceberg,2.0.0.dev2609121639,ok,cold,query,60,0.4214,100,ok,
35732997698-1,2026-09-22T14:23:39Z,https://github.com/djouallah/lakehouse_benchmark/actions/runs/35732997698,947f402,10,tpcds,linux-6.17.0-1022-azure,4,15.6,3.12.14,duckdb_iceberg,2.0.0.dev2609121639,ok,cold,query,61,0.7595,1,ok,
35732997698-1,2026-09-22T14:23:39Z,https://github.com/djouallah/lakehouse_benchmark/actions/runs/35732997698,947f402,10,tpcds,linux-6.17.0-1022-azure,4,15.6,3.12.14,duckdb_iceberg,2.0.0.dev2609121639,ok,cold,query,62,0.4313,100,ok,
35732997698-1,2026-09-22T14:23:39Z,https://github.com/djouallah/lakehouse_benchmark/actions/runs/35732997698,947f402,10,tpcds,linux-6.17.0-1022-azure,4,15.6,3.12.14,duckdb_iceberg,2.0.0.dev2609121639,ok,cold,query,63,0.3364,100,ok,
35732997698-1,2026-09-22T14:23:39Z,https://github.com/djouallah/lakehouse_benchmark/actions/runs/35732997698,947f402,10,tpcds,linux-6.17.0-1022-azure,4,15.6,3.12.14,duckdb_iceberg,2.0.0.dev2609121639,ok,cold,query,64,2.0062,33,ok,
35732997698-1,2026-09-22T14:23:39Z,https://github.com/djouallah/lakehouse_benchmark/actions/runs/35732997698,947f402,10,tpcds,linux-6.17.0-1022-azure,4,15.6,3.12.14,duckdb_iceberg,2.0.0.dev2609121639,ok,cold,query,65,1.2271,100,ok,
35732997698-1,2026-09-22T14:23:39Z,https://github.com/djouallah/lakehouse_benchmark/actions/runs/35732997698,947f402,10,tpcds,linux-6.17.0-1022-azure,4,15.6,3.12.14,duckdb_iceberg,2.0.0.dev2609121639,ok,cold,query,66,0.9152,10,ok,
35732997698-1,2026-09-22T14:23:39Z,https://github.com/djouallah/lakehouse_benchmark/actions/runs/35732997698,947f402,10,tpcds,linux-6.17.0-1022-azure,4,15.6,3.12.14,duckdb_iceberg,2.0.0.dev2609121639,ok,cold,query,67,4.4892,100,ok,
35732997698-1,2026-09-22T14:23:39Z,https://github.com/djouallah/lakehouse_benchmark/actions/runs/35732997698,947f402,10,tpcds,linux-6.17.0-1022-azure,4,15.6,3.12.14,duckdb_iceberg,2.0.0.dev2609121639,ok,cold,query,68,0.5851,100,ok,
35732997698-1,2026-09-22T14:23:39Z,https://github.com/djouallah/lakehouse_benchmark/actions/runs/35732997698,947f402,10,tpcds,linux-6.17.0-1022-azure,4,15.6,3.12.14,duckdb_iceberg,2.0.0.dev2609121639,ok,cold,query,69,0.3001,100,ok,
35732997698-1,2026-09-22T14:23:39Z,https://github.com/djouallah/lakehouse_benchmark/actions/runs/35732997698,947f402,10,tpcds,linux-6.17.0-1022-azure,4,15.6,3.12.14,duckdb_iceberg,2.0.0.dev2609121639,ok,cold,query,70,0.5859,8,ok,
35732997698-1,2026-09-22T14:23:39Z,https://github.com/djouallah/lakehouse_benchmark/actions/runs/35732997698,947f402,10,tpcds,linux-6.17.0-1022-azure,4,15.6,3.12.14,duckdb_iceberg,2.0.0.dev2609121639,ok,cold,query,71,0.3874,9669,ok,
35732997698-1,2026-09-22T14:23:39Z,https://github.com/djouallah/lakehouse_benchmark/actions/runs/35732997698,947f402,10,tpcds,linux-6.17.0-1022-azure,4,15.6,3.12.14,duckdb_iceberg,2.0.0.dev2609121639,ok,cold,query,72,3.1488,100,ok,
35732997698-1,2026-09-22T14:23:39Z,https://github.com/djouallah/lakehouse_benchmark/actions/runs/35732997698,947f402,10,tpcds,linux-6.17.0-1022-azure,4,15.6,3.12.14,duckdb_iceberg,2.0.0.dev2609121639,ok,cold,query,73,0.2933,16,ok,
35732997698-1,2026-09-22T14:23:39Z,https://github.com/djouallah/lakehouse_benchmark/actions/runs/35732997698,947f402,10,tpcds,linux-6.17.0-1022-azure,4,15.6,3.12.14,duckdb_iceberg,2.0.0.dev2609121639,ok,cold,query,74,0.6945,100,ok,
35732997698-1,2026-09-22T14:23:39Z,https://github.com/djouallah/lakehouse_benchmark/actions/runs/35732997698,947f402,10,tpcds,linux-6.17.0-1022-azure,4,15.6,3.12.14,duckdb_iceberg,2.0.0.dev2609121639,ok,cold,query,75,0.9485,100,ok,
35732997698-1,2026-09-22T14:23:39Z,https://github.com/djouallah/lakehouse_benchmark/actions/runs/35732997698,947f402,10,tpcds,linux-6.17.0-1022-azure,4,15.6,3.12.14,duckdb_iceberg,2.0.0.dev2609121639,ok,cold,query,76,0.5752,100,ok,
35732997698-1,2026-09-22T14:23:39Z,https://github.com/djouallah/lakehouse_benchmark/actions/runs/35732997698,947f402,10,tpcds,linux-6.17.0-1022-azure,4,15.6,3.12.14,duckdb_iceberg,2.0.0.dev2609121639,ok,cold,query,77,0.7046,100,ok,
35732997698-1,2026-09-22T14:23:39Z,https://github.com/djouallah/lakehouse_benchmark/actions/runs/35732997698,947f402,10,tpcds,linux-6.17.0-1022-azure,4,15.6,3.12.14,duckdb_iceberg,2.0.0.dev2609121639,ok,cold,query,78,1.9896,100,ok,
35732997698-1,2026-09-22T14:23:39Z,https://github.com/djouallah/lakehouse_benchmark/actions/runs/35732997698,947f402,10,tpcds,linux-6.17.0-1022-azure,4,15.6,3.12.14,duckdb_iceberg,2.0.0.dev2609121639,ok,cold,query,79,0.5892,100,ok,
35732997698-1,2026-09-22T14:23:39Z,https://github.com/djouallah/lakehouse_benchmark/actions/runs/35732997698,947f402,10,tpcds,linux-6.17.0-1022-azure,4,15.6,3.12.14,duckdb_iceberg,2.0.0.dev2609121639,ok,cold,query,80,0.6763,100,ok,
35732997698-1,2026-09-22T14:23:39Z,https://github.com/djouallah/lakehouse_benchmark/actions/runs/35732997698,947f402,10,tpcds,linux-6.17.0-1022-azure,4,15.6,3.12.14,duckdb_iceberg,2.0.0.dev2609121639,ok,cold,query,81,0.186,100,ok,
35732997698-1,2026-09-22T14:23:39Z,https://github.com/djouallah/lakehouse_benchmark/actions/runs/35732997698,947f402,10,tpcds,linux-6.17.0-1022-azure,4,15.6,3.12.14,duckdb_iceberg,2.0.0.dev2609121639,ok,cold,query,82,0.2072,6,ok,
35732997698-1,2026-09-22T14:23:39Z,https://github.com/djouallah/lakehouse_benchmark/actions/runs/35732997698,947f402,10,tpcds,linux-6.17.0-1022-azure,4,15.6,3.12.14,duckdb_iceberg,2.0.0.dev2609121639,ok,cold,query,83,0.1044,100,ok,
35732997698-1,2026-09-22T14:23:39Z,https://github.com/djouallah/lakehouse_benchmark/actions/runs/35732997698,947f402,10,tpcds,linux-6.17.0-1022-azure,4,15.6,3.12.14,duckdb_iceberg,2.0.0.dev2609121639,ok,cold,query,84,0.1154,100,ok,
35732997698-1,2026-09-22T14:23:39Z,https://github.com/djouallah/lakehouse_benchmark/actions/runs/35732997698,947f402,10,tpcds,linux-6.17.0-1022-azure,4,15.6,3.12.14,duckdb_iceberg,2.0.0.dev2609121639,ok,cold,query,85,0.3656,19,ok,
35732997698-1,2026-09-22T14:23:39Z,https://github.com/djouallah/lakehouse_benchmark/actions/runs/35732997698,947f402,10,tpcds,linux-6.17.0-1022-azure,4,15.6,3.12.14,duckdb_iceberg,2.0.0.dev2609121639,ok,cold,query,86,0.1302,100,ok,
35732997698-1,2026-09-22T14:23:39Z,https://github.com/djouallah/lakehouse_benchmark/actions/runs/35732997698,947f402,10,tpcds,linux-6.17.0-1022-azure,4,15.6,3.12.14,duckdb_iceberg,2.0.0.dev2609121639,ok,cold,query,87,0.6845,1,ok,
35732997698-1,2026-09-22T14:23:39Z,https://github.com/djouallah/lakehouse_benchmark/actions/runs/35732997698,947f402,10,tpcds,linux-6.17.0-1022-azure,4,15.6,3.12.14,duckdb_iceberg,2.0.0.dev2609121639,ok,cold,query,88,1.7341,1,ok,
35732997698-1,2026-09-22T14:23:39Z,https://github.com/djouallah/lakehouse_benchmark/actions/runs/35732997698,947f402,10,tpcds,linux-6.17.0-1022-azure,4,15.6,3.12.14,duckdb_iceberg,2.0.0.dev2609121639,ok,cold,query,89,0.3981,100,ok,
35732997698-1,2026-09-22T14:23:39Z,https://github.com/djouallah/lakehouse_benchmark/actions/runs/35732997698,947f402,10,tpcds,linux-6.17.0-1022-azure,4,15.6,3.12.14,duckdb_iceberg,2.0.0.dev2609121639,ok,cold,query,90,0.1064,1,ok,
35732997698-1,2026-09-22T14:23:39Z,https://github.com/djouallah/lakehouse_benchmark/actions/runs/35732997698,947f402,10,tpcds,linux-6.17.0-1022-azure,4,15.6,3.12.14,duckdb_iceberg,2.0.0.dev2609121639,ok,cold,query,91,0.1763,16,ok,
35732997698-1,2026-09-22T14:23:39Z,https://github.com/djouallah/lakehouse_benchmark/actions/runs/35732997698,947f402,10,tpcds,linux-6.17.0-1022-azure,4,15.6,3.12.14,duckdb_iceberg,2.0.0.dev2609121639,ok,cold,query,92,0.1114,1,ok,
35732997698-1,2026-09-22T14:23:39Z,https://github.com/djouallah/lakehouse_benchmark/actions/runs/35732997698,947f402,10,tpcds,linux-6.17.0-1022-azure,4,15.6,3.12.14,duckdb_iceberg,2.0.0.dev2609121639,ok,cold,query,93,0.446,100,ok,
35732997698-1,2026-09-22T14:23:39Z,https://github.com/djouallah/lakehouse_benchmark/actions/runs/35732997698,947f402,10,tpcds,linux-6.17.0-1022-azure,4,15.6,3.12.14,duckdb_iceberg,2.0.0.dev2609121639,ok,cold,query,94,0.1447,1,ok,
35732997698-1,2026-09-22T14:23:39Z,https://github.com/djouallah/lakehouse_benchmark/actions/runs/35732997698,947f402,10,tpcds,linux-6.17.0-1022-azure,4,15.6,3.12.14,duckdb_iceberg,2.0.0.dev2609121639,ok,cold,query,95,2.9337,1,ok,
35732997698-1,2026-09-22T14:23:39Z,https://github.com/djouallah/lakehouse_benchmark/actions/runs/35732997698,947f402,10,tpcds,linux-6.17.0-1022-azure,4,15.6,3.12.14,duckdb_iceberg,2.0.0.dev2609121639,ok,cold,query,96,0.2261,1,ok,
35732997698-1,2026-09-22T14:23:39Z,https://github.com/djouallah/lakehouse_benchmark/actions/runs/35732997698,947f402,10,tpcds,linux-6.17.0-1022-azure,4,15.6,3.12.14,duckdb_iceberg,2.0.0.dev2609121639,ok,cold,query,97,0.6833,1,ok,
35732997698-1,2026-09-22T14:23:39Z,https://github.com/djouallah/lakehouse_benchmark/actions/runs/35732997698,947f402,10,tpcds,linux-6.17.0-1022-azure,4,15.6,3.12.14,duckdb_iceberg,2.0.0.dev2609121639,ok,cold,query,98,0.3622,15080,ok,
35732997698-1,2026-09-22T14:23:39Z,https://github.com/djouallah/lakehouse_benchmark/actions/runs/35732997698,947f402,10,tpcds,linux-6.17.0-1022-azure,4,15.6,3.12.14,duckdb_iceberg,2.0.0.dev2609121639,ok,cold,query,99,0.2234,100,ok,
35732997698-1,2026-09-22T14:23:39Z,https://github.com/djouallah/lakehouse_benchmark/actions/runs/35732997698,947f402,10,tpcds,linux-6.17.0-1022-azure,4,15.6,3.12.14,duckdb_iceberg,2.0.0.dev2609121639,ok,warm,query,1,0.1074,100,ok,
35732997698-1,2026-09-22T14:23:39Z,https://github.com/djouallah/lakehouse_benchmark/actions/runs/35732997698,947f402,10,tpcds,linux-6.17.0-1022-azure,4,15.6,3.12.14,duckdb_iceberg,2.0.0.dev2609121639,ok,warm,query,2,0.4872,2513,ok,
35732997698-1,2026-09-22T14:23:39Z,https://github.com/djouallah/lakehouse_benchmark/actions/runs/35732997698,947f402,10,tpcds,linux-6.17.0-1022-azure,4,15.6,3.12.14,duckdb_iceberg,2.0.0.dev2609121639,ok,warm,query,3,0.2463,100,ok,
35732997698-1,2026-09-22T14:23:39Z,https://github.com/djouallah/lakehouse_benchmark/actions/runs/35732997698,947f402,10,tpcds,linux-6.17.0-1022-azure,4,15.6,3.12.14,duckdb_iceberg,2.0.0.dev2609121639,ok,warm,query,4,1.5733,100,ok,
35732997698-1,2026-09-22T14:23:39Z,https://github.com/djouallah/lakehouse_benchmark/actions/runs/35732997698,947f402,10,tpcds,linux-6.17.0-1022-azure,4,15.6,3.12.14,duckdb_iceberg,2.0.0.dev2609121639,ok,warm,query,5,0.5425,100,ok,
35732997698-1,2026-09-22T14:23:39Z,https://github.com/djouallah/lakehouse_benchmark/actions/runs/35732997698,947f402,10,tpcds,linux-6.17.0-1022-azure,4,15.6,3.12.14,duckdb_iceberg,2.0.0.dev2609121639,ok,warm,query,6,0.3247,51,ok,
35732997698-1,2026-09-22T14:23:39Z,https://github.com/djouallah/lakehouse_benchmark/actions/runs/35732997698,947f402,10,tpcds,linux-6.17.0-1022-azure,4,15.6,3.12.14,duckdb_iceberg,2.0.0.dev2609121639,ok,warm,query,7,0.4731,100,ok,
35732997698-1,2026-09-22T14:23:39Z,https://github.com/djouallah/lakehouse_benchmark/actions/runs/35732997698,947f402,10,tpcds,linux-6.17.0-1022-azure,4,15.6,3.12.14,duckdb_iceberg,2.0.0.dev2609121639,ok,warm,query,8,0.287,9,ok,
35732997698-1,2026-09-22T14:23:39Z,https://github.com/djouallah/lakehouse_benchmark/actions/runs/35732997698,947f402,10,tpcds,linux-6.17.0-1022-azure,4,15.6,3.12.14,duckdb_iceberg,2.0.0.dev2609121639,ok,warm,query,9,2.1001,1,ok,
35732997698-1,2026-09-22T14:23:39Z,https://github.com/djouallah/lakehouse_benchmark/actions/runs/35732997698,947f402,10,tpcds,linux-6.17.0-1022-azure,4,15.6,3.12.14,duckdb_iceberg,2.0.0.dev2609121639,ok,warm,query,10,0.2513,100,ok,
35732997698-1,2026-09-22T14:23:39Z,https://github.com/djouallah/lakehouse_benchmark/actions/runs/35732997698,947f402,10,tpcds,linux-6.17.0-1022-azure,4,15.6,3.12.14,duckdb_iceberg,2.0.0.dev2609121639,ok,warm,query,11,1.0248,100,ok,
35732997698-1,2026-09-22T14:23:39Z,https://github.com/djouallah/lakehouse_benchmark/actions/runs/35732997698,947f402,10,tpcds,linux-6.17.0-1022-azure,4,15.6,3.12.14,duckdb_iceberg,2.0.0.dev2609121639,ok,warm,query,12,0.1093,100,ok,
35732997698-1,2026-09-22T14:23:39Z,https://github.com/djouallah/lakehouse_benchmark/actions/runs/35732997698,947f402,10,tpcds,linux-6.17.0-1022-azure,4,15.6,3.12.14,duckdb_iceberg,2.0.0.dev2609121639,ok,warm,query,13,0.8087,1,ok,
35732997698-1,2026-09-22T14:23:39Z,https://github.com/djouallah/lakehouse_benchmark/actions/runs/35732997698,947f402,10,tpcds,linux-6.17.0-1022-azure,4,15.6,3.12.14,duckdb_iceberg,2.0.0.dev2609121639,ok,warm,query,14,2.9229,100,ok,
35732997698-1,2026-09-22T14:23:39Z,https://github.com/djouallah/lakehouse_benchmark/actions/runs/35732997698,947f402,10,tpcds,linux-6.17.0-1022-azure,4,15.6,3.12.14,duckdb_iceberg,2.0.0.dev2609121639,ok,warm,query,15,0.1021,100,ok,
35732997698-1,2026-09-22T14:23:39Z,https://github.com/djouallah/lakehouse_benchmark/actions/runs/35732997698,947f402,10,tpcds,linux-6.17.0-1022-azure,4,15.6,3.12.14,duckdb_iceberg,2.0.0.dev2609121639,ok,warm,query,16,0.1087,1,ok,
35732997698-1,2026-09-22T14:23:39Z,https://github.com/djouallah/lakehouse_benchmark/actions/runs/35732997698,947f402,10,tpcds,linux-6.17.0-1022-azure,4,15.6,3.12.14,duckdb_iceberg,2.0.0.dev2609121639,ok,warm,query,17,0.252,0,ok,
35732997698-1,2026-09-22T14:23:39Z,https://github.com/djouallah/lakehouse_benchmark/actions/runs/35732997698,947f402,10,tpcds,linux-6.17.0-1022-azure,4,15.6,3.12.14,duckdb_iceberg,2.0.0.dev2609121639,ok,warm,query,18,0.202,100,ok,
35732997698-1,2026-09-22T14:23:39Z,https://github.com/djouallah/lakehouse_benchmark/actions/runs/35732997698,947f402,10,tpcds,linux-6.17.0-1022-azure,4,15.6,3.12.14,duckdb_iceberg,2.0.0.dev2609121639,ok,warm,query,19,2.4325,100,ok,
35732997698-1,2026-09-22T14:23:39Z,https://github.com/djouallah/lakehouse_benchmark/actions/runs/35732997698,947f402,10,tpcds,linux-6.17.0-1022-azure,4,15.6,3.12.14,duckdb_iceberg,2.0.0.dev2609121639,ok,warm,query,20,0.0721,100,ok,
35732997698-1,2026-09-22T14:23:39Z,https://github.com/djouallah/lakehouse_benchmark/actions/runs/35732997698,947f402,10,tpcds,linux-6.17.0-1022-azure,4,15.6,3.12.14,duckdb_iceberg,2.0.0.dev2609121639,ok,warm,query,21,0.0962,100,ok,
35732997698-1,2026-09-22T14:23:39Z,https://github.com/djouallah/lakehouse_benchmark/actions/runs/35732997698,947f402,10,tpcds,linux-6.17.0-1022-azure,4,15.6,3.12.14,duckdb_iceberg,2.0.0.dev2609121639,ok,warm,query,22,1.6162,100,ok,
35732997698-1,2026-09-22T14:23:39Z,https://github.com/djouallah/lakehouse_benchmark/actions/runs/35732997698,947f402,10,tpcds,linux-6.17.0-1022-azure,4,15.6,3.12.14,duckdb_iceberg,2.0.0.dev2609121639,ok,warm,query,23,4.2042,100,ok,
35732997698-1,2026-09-22T14:23:39Z,https://github.com/djouallah/lakehouse_benchmark/actions/runs/35732997698,947f402,10,tpcds,linux-6.17.0-1022-azure,4,15.6,3.12.14,duckdb_iceberg,2.0.0.dev2609121639,ok,warm,query,24,0.5944,7,ok,
35732997698-1,2026-09-22T14:23:39Z,https://github.com/djouallah/lakehouse_benchmark/actions/runs/35732997698,947f402,10,tpcds,linux-6.17.0-1022-azure,4,15.6,3.12.14,duckdb_iceberg,2.0.0.dev2609121639,ok,warm,query,25,0.2011,1,ok,
35732997698-1,2026-09-22T14:23:39Z,https://github.com/djouallah/lakehouse_benchmark/actions/runs/35732997698,947f402,10,tpcds,linux-6.17.0-1022-azure,4,15.6,3.12.14,duckdb_iceberg,2.0.0.dev2609121639,ok,warm,query,26,0.1088,100,ok,
35732997698-1,2026-09-22T14:23:39Z,https://github.com/djouallah/lakehouse_benchmark/actions/runs/35732997698,947f402,10,tpcds,linux-6.17.0-1022-azure,4,15.6,3.12.14,duckdb_iceberg,2.0.0.dev2609121639,ok,warm,query,27,0.4606,100,ok,
35732997698-1,2026-09-22T14:23:39Z,https://github.com/djouallah/lakehouse_benchmark/actions/runs/35732997698,947f402,10,tpcds,linux-6.17.0-1022-azure,4,15.6,3.12.14,duckdb_iceberg,2.0.0.dev2609121639,ok,warm,query,28,1.8099,1,ok,
35732997698-1,2026-09-22T14:23:39Z,https://github.com/djouallah/lakehouse_benchmark/actions/runs/35732997698,947f402,10,tpcds,linux-6.17.0-1022-azure,4,15.6,3.12.14,duckdb_iceberg,2.0.0.dev2609121639,ok,warm,query,29,0.3877,3,ok,
35732997698-1,2026-09-22T14:23:39Z,https://github.com/djouallah/lakehouse_benchmark/actions/runs/35732997698,947f402,10,tpcds,linux-6.17.0-1022-azure,4,15.6,3.12.14,duckdb_iceberg,2.0.0.dev2609121639,ok,warm,query,30,0.1013,100,ok,
35732997698-1,2026-09-22T14:23:39Z,https://github.com/djouallah/lakehouse_benchmark/actions/runs/35732997698,947f402,10,tpcds,linux-6.17.0-1022-azure,4,15.6,3.12.14,duckdb_iceberg,2.0.0.dev2609121639,ok,warm,query,31,0.3979,288,ok,
35732997698-1,2026-09-22T14:23:39Z,https://github.com/djouallah/lakehouse_benchmark/actions/runs/35732997698,947f402,10,tpcds,linux-6.17.0-1022-azure,4,15.6,3.12.14,duckdb_iceberg,2.0.0.dev2609121639,ok,warm,query,32,0.0635,1,ok,
35732997698-1,2026-09-22T14:23:39Z,https://github.com/djouallah/lakehouse_benchmark/actions/runs/35732997698,947f402,10,tpcds,linux-6.17.0-1022-azure,4,15.6,3.12.14,duckdb_iceberg,2.0.0.dev2609121639,ok,warm,query,33,0.4446,100,ok,
35732997698-1,2026-09-22T14:23:39Z,https://github.com/djouallah/lakehouse_benchmark/actions/runs/35732997698,947f402,10,tpcds,linux-6.17.0-1022-azure,4,15.6,3.12.14,duckdb_iceberg,2.0.0.dev2609121639,ok,warm,query,34,0.3953,1546,ok,
35732997698-1,2026-09-22T14:23:39Z,https://github.com/djouallah/lakehouse_benchmark/actions/runs/35732997698,947f402,10,tpcds,linux-6.17.0-1022-azure,4,15.6,3.12.14,duckdb_iceberg,2.0.0.dev2609121639,ok,warm,query,35,0.441,100,ok,
35732997698-1,2026-09-22T14:23:39Z,https://github.com/djouallah/lakehouse_benchmark/actions/runs/35732997698,947f402,10,tpcds,linux-6.17.0-1022-azure,4,15.6,3.12.14,duckdb_iceberg,2.0.0.dev2609121639,ok,warm,query,36,0.502,100,ok,
35732997698-1,2026-09-22T14:23:39Z,https://github.com/djouallah/lakehouse_benchmark/actions/runs/35732997698,947f402,10,tpcds,linux-6.17.0-1022-azure,4,15.6,3.12.14,duckdb_iceberg,2.0.0.dev2609121639,ok,warm,query,37,0.1608,2,ok,
35732997698-1,2026-09-22T14:23:39Z,https://github.com/djouallah/lakehouse_benchmark/actions/runs/35732997698,947f402,10,tpcds,linux-6.17.0-1022-azure,4,15.6,3.12.14,duckdb_iceberg,2.0.0.dev2609121639,ok,warm,query,38,0.6095,1,ok,
35732997698-1,2026-09-22T14:23:39Z,https://github.com/djouallah/lakehouse_benchmark/actions/runs/35732997698,947f402,10,tpcds,linux-6.17.0-1022-azure,4,15.6,3.12.14,duckdb_iceberg,2.0.0.dev2609121639,ok,warm,query,39,0.4596,2433,ok,
35732997698-1,2026-09-22T14:23:39Z,https://github.com/djouallah/lakehouse_benchmark/actions/runs/35732997698,947f402,10,tpcds,linux-6.17.0-1022-azure,4,15.6,3.12.14,duckdb_iceberg,2.0.0.dev2609121639,ok,warm,query,40,0.0817,100,ok,
35732997698-1,2026-09-22T14:23:39Z,https://github.com/djouallah/lakehouse_benchmark/actions/runs/35732997698,947f402,10,tpcds,linux-6.17.0-1022-azure,4,15.6,3.12.14,duckdb_iceberg,2.0.0.dev2609121639,ok,warm,query,41,0.0473,41,ok,
35732997698-1,2026-09-22T14:23:39Z,https://github.com/djouallah/lakehouse_benchmark/actions/runs/35732997698,947f402,10,tpcds,linux-6.17.0-1022-azure,4,15.6,3.12.14,duckdb_iceberg,2.0.0.dev2609121639,ok,warm,query,42,0.2313,11,ok,
35732997698-1,2026-09-22T14:23:39Z,https://github.com/djouallah/lakehouse_benchmark/actions/runs/35732997698,947f402,10,tpcds,linux-6.17.0-1022-azure,4,15.6,3.12.14,duckdb_iceberg,2.0.0.dev2609121639,ok,warm,query,43,0.3422,17,ok,
35732997698-1,2026-09-22T14:23:39Z,https://github.com/djouallah/lakehouse_benchmark/actions/runs/35732997698,947f402,10,tpcds,linux-6.17.0-1022-azure,4,15.6,3.12.14,duckdb_iceberg,2.0.0.dev2609121639,ok,warm,query,44,0.902,10,ok,
35732997698-1,2026-09-22T14:23:39Z,https://github.com/djouallah/lakehouse_benchmark/actions/runs/35732997698,947f402,10,tpcds,linux-6.17.0-1022-azure,4,15.6,3.12.14,duckdb_iceberg,2.0.0.dev2609121639,ok,warm,query,45,0.1821,49,ok,
35732997698-1,2026-09-22T14:23:39Z,https://github.com/djouallah/lakehouse_benchmark/actions/runs/35732997698,947f402,10,tpcds,linux-6.17.0-1022-azure,4,15.6,3.12.14,duckdb_iceberg,2.0.0.dev2609121639,ok,warm,query,46,0.5735,100,ok,
35732997698-1,2026-09-22T14:23:39Z,https://github.com/djouallah/lakehouse_benchmark/actions/runs/35732997698,947f402,10,tpcds,linux-6.17.0-1022-azure,4,15.6,3.12.14,duckdb_iceberg,2.0.0.dev2609121639,ok,warm,query,47,1.1294,100,ok,
35732997698-1,2026-09-22T14:23:39Z,https://github.com/djouallah/lakehouse_benchmark/actions/runs/35732997698,947f402,10,tpcds,linux-6.17.0-1022-azure,4,15.6,3.12.14,duckdb_iceberg,2.0.0.dev2609121639,ok,warm,query,48,0.6479,1,ok,
35732997698-1,2026-09-22T14:23:39Z,https://github.com/djouallah/lakehouse_benchmark/actions/runs/35732997698,947f402,10,tpcds,linux-6.17.0-1022-azure,4,15.6,3.12.14,duckdb_iceberg,2.0.0.dev2609121639,ok,warm,query,49,0.6029,41,ok,
35732997698-1,2026-09-22T14:23:39Z,https://github.com/djouallah/lakehouse_benchmark/actions/runs/35732997698,947f402,10,tpcds,linux-6.17.0-1022-azure,4,15.6,3.12.14,duckdb_iceberg,2.0.0.dev2609121639,ok,warm,query,50,0.8155,51,ok,
35732997698-1,2026-09-22T14:23:39Z,https://github.com/djouallah/lakehouse_benchmark/actions/runs/35732997698,947f402,10,tpcds,linux-6.17.0-1022-azure,4,15.6,3.12.14,duckdb_iceberg,2.0.0.dev2609121639,ok,warm,query,51,2.7685,100,ok,
35732997698-1,2026-09-22T14:23:39Z,https://github.com/djouallah/lakehouse_benchmark/actions/runs/35732997698,947f402,10,tpcds,linux-6.17.0-1022-azure,4,15.6,3.12.14,duckdb_iceberg,2.0.0.dev2609121639,ok,warm,query,52,0.2256,100,ok,
35732997698-1,2026-09-22T14:23:39Z,https://github.com/djouallah/lakehouse_benchmark/actions/runs/35732997698,947f402,10,tpcds,linux-6.17.0-1022-azure,4,15.6,3.12.14,duckdb_iceberg,2.0.0.dev2609121639,ok,warm,query,53,0.3204,100,ok,
35732997698-1,2026-09-22T14:23:39Z,https://github.com/djouallah/lakehouse_benchmark/actions/runs/35732997698,947f402,10,tpcds,linux-6.17.0-1022-azure,4,15.6,3.12.14,duckdb_iceberg,2.0.0.dev2609121639,ok,warm,query,54,0.3346,1,ok,
35732997698-1,2026-09-22T14:23:39Z,https://github.com/djouallah/lakehouse_benchmark/actions/runs/35732997698,947f402,10,tpcds,linux-6.17.0-1022-azure,4,15.6,3.12.14,duckdb_iceberg,2.0.0.dev2609121639,ok,warm,query,55,0.2252,100,ok,
35732997698-1,2026-09-22T14:23:39Z,https://github.com/djouallah/lakehouse_benchmark/actions/runs/35732997698,947f402,10,tpcds,linux-6.17.0-1022-azure,4,15.6,3.12.14,duckdb_iceberg,2.0.0.dev2609121639,ok,warm,query,56,0.3949,100,ok,
35732997698-1,2026-09-22T14:23:39Z,https://github.com/djouallah/lakehouse_benchmark/actions/runs/35732997698,947f402,10,tpcds,linux-6.17.0-1022-azure,4,15.6,3.12.14,duckdb_iceberg,2.0.0.dev2609121639,ok,warm,query,57,0.4467,100,ok,
35732997698-1,2026-09-22T14:23:39Z,https://github.com/djouallah/lakehouse_benchmark/actions/runs/35732997698,947f402,10,tpcds,linux-6.17.0-1022-azure,4,15.6,3.12.14,duckdb_iceberg,2.0.0.dev2609121639,ok,warm,query,58,0.3722,38,ok,
35732997698-1,2026-09-22T14:23:39Z,https://github.com/djouallah/lakehouse_benchmark/actions/runs/35732997698,947f402,10,tpcds,linux-6.17.0-1022-azure,4,15.6,3.12.14,duckdb_iceberg,2.0.0.dev2609121639,ok,warm,query,59,1.0865,100,ok,
35732997698-1,2026-09-22T14:23:39Z,https://github.com/djouallah/lakehouse_benchmark/actions/runs/35732997698,947f402,10,tpcds,linux-6.17.0-1022-azure,4,15.6,3.12.14,duckdb_iceberg,2.0.0.dev2609121639,ok,warm,query,60,0.4124,100,ok,
35732997698-1,2026-09-22T14:23:39Z,https://github.com/djouallah/lakehouse_benchmark/actions/runs/35732997698,947f402,10,tpcds,linux-6.17.0-1022-azure,4,15.6,3.12.14,duckdb_iceberg,2.0.0.dev2609121639,ok,warm,query,61,0.723,1,ok,
35732997698-1,2026-09-22T14:23:39Z,https://github.com/djouallah/lakehouse_benchmark/actions/runs/35732997698,947f402,10,tpcds,linux-6.17.0-1022-azure,4,15.6,3.12.14,duckdb_iceberg,2.0.0.dev2609121639,ok,warm,query,62,0.1609,100,ok,
35732997698-1,2026-09-22T14:23:39Z,https://github.com/djouallah/lakehouse_benchmark/actions/runs/35732997698,947f402,10,tpcds,linux-6.17.0-1022-azure,4,15.6,3.12.14,duckdb_iceberg,2.0.0.dev2609121639,ok,warm,query,63,0.3287,100,ok,
35732997698-1,2026-09-22T14:23:39Z,https://github.com/djouallah/lakehouse_benchmark/actions/runs/35732997698,947f402,10,tpcds,linux-6.17.0-1022-azure,4,15.6,3.12.14,duckdb_iceberg,2.0.0.dev2609121639,ok,warm,query,64,1.6897,33,ok,
35732997698-1,2026-09-22T14:23:39Z,https://github.com/djouallah/lakehouse_benchmark/actions/runs/35732997698,947f402,10,tpcds,linux-6.17.0-1022-azure,4,15.6,3.12.14,duckdb_iceberg,2.0.0.dev2609121639,ok,warm,query,65,1.2238,100,ok,
35732997698-1,2026-09-22T14:23:39Z,https://github.com/djouallah/lakehouse_benchmark/actions/runs/35732997698,947f402,10,tpcds,linux-6.17.0-1022-azure,4,15.6,3.12.14,duckdb_iceberg,2.0.0.dev2609121639,ok,warm,query,66,0.2635,10,ok,
35732997698-1,2026-09-22T14:23:39Z,https://github.com/djouallah/lakehouse_benchmark/actions/runs/35732997698,947f402,10,tpcds,linux-6.17.0-1022-azure,4,15.6,3.12.14,duckdb_iceberg,2.0.0.dev2609121639,ok,warm,query,67,4.3758,100,ok,
35732997698-1,2026-09-22T14:23:39Z,https://github.com/djouallah/lakehouse_benchmark/actions/runs/35732997698,947f402,10,tpcds,linux-6.17.0-1022-azure,4,15.6,3.12.14,duckdb_iceberg,2.0.0.dev2609121639,ok,warm,query,68,0.574,100,ok,
35732997698-1,2026-09-22T14:23:39Z,https://github.com/djouallah/lakehouse_benchmark/actions/runs/35732997698,947f402,10,tpcds,linux-6.17.0-1022-azure,4,15.6,3.12.14,duckdb_iceberg,2.0.0.dev2609121639,ok,warm,query,69,0.308,100,ok,
35732997698-1,2026-09-22T14:23:39Z,https://github.com/djouallah/lakehouse_benchmark/actions/runs/35732997698,947f402,10,tpcds,linux-6.17.0-1022-azure,4,15.6,3.12.14,duckdb_iceberg,2.0.0.dev2609121639,ok,warm,query,70,0.5506,8,ok,
35732997698-1,2026-09-22T14:23:39Z,https://github.com/djouallah/lakehouse_benchmark/actions/runs/35732997698,947f402,10,tpcds,linux-6.17.0-1022-azure,4,15.6,3.12.14,duckdb_iceberg,2.0.0.dev2609121639,ok,warm,query,71,0.4148,9669,ok,
35732997698-1,2026-09-22T14:23:39Z,https://github.com/djouallah/lakehouse_benchmark/actions/runs/35732997698,947f402,10,tpcds,linux-6.17.0-1022-azure,4,15.6,3.12.14,duckdb_iceberg,2.0.0.dev2609121639,ok,warm,query,72,3.0369,100,ok,
35732997698-1,2026-09-22T14:23:39Z,https://github.com/djouallah/lakehouse_benchmark/actions/runs/35732997698,947f402,10,tpcds,linux-6.17.0-1022-azure,4,15.6,3.12.14,duckdb_iceberg,2.0.0.dev2609121639,ok,warm,query,73,0.3114,16,ok,
35732997698-1,2026-09-22T14:23:39Z,https://github.com/djouallah/lakehouse_benchmark/actions/runs/35732997698,947f402,10,tpcds,linux-6.17.0-1022-azure,4,15.6,3.12.14,duckdb_iceberg,2.0.0.dev2609121639,ok,warm,query,74,0.6862,100,ok,
35732997698-1,2026-09-22T14:23:39Z,https://github.com/djouallah/lakehouse_benchmark/actions/runs/35732997698,947f402,10,tpcds,linux-6.17.0-1022-azure,4,15.6,3.12.14,duckdb_iceberg,2.0.0.dev2609121639,ok,warm,query,75,0.9402,100,ok,
35732997698-1,2026-09-22T14:23:39Z,https://github.com/djouallah/lakehouse_benchmark/actions/runs/35732997698,947f402,10,tpcds,linux-6.17.0-1022-azure,4,15.6,3.12.14,duckdb_iceberg,2.0.0.dev2609121639,ok,warm,query,76,0.5531,100,ok,
35732997698-1,2026-09-22T14:23:39Z,https://github.com/djouallah/lakehouse_benchmark/actions/runs/35732997698,947f402,10,tpcds,linux-6.17.0-1022-azure,4,15.6,3.12.14,duckdb_iceberg,2.0.0.dev2609121639,ok,warm,query,77,0.4395,100,ok,
35732997698-1,2026-09-22T14:23:39Z,https://github.com/djouallah/lakehouse_benchmark/actions/runs/35732997698,947f402,10,tpcds,linux-6.17.0-1022-azure,4,15.6,3.12.14,duckdb_iceberg,2.0.0.dev2609121639,ok,warm,query,78,1.9651,100,ok,
35732997698-1,2026-09-22T14:23:39Z,https://github.com/djouallah/lakehouse_benchmark/actions/runs/35732997698,947f402,10,tpcds,linux-6.17.0-1022-azure,4,15.6,3.12.14,duckdb_iceberg,2.0.0.dev2609121639,ok,warm,query,79,0.5739,100,ok,
35732997698-1,2026-09-22T14:23:39Z,https://github.com/djouallah/lakehouse_benchmark/actions/runs/35732997698,947f402,10,tpcds,linux-6.17.0-1022-azure,4,15.6,3.12.14,duckdb_iceberg,2.0.0.dev2609121639,ok,warm,query,80,0.7009,100,ok,
35732997698-1,2026-09-22T14:23:39Z,https://github.com/djouallah/lakehouse_benchmark/actions/runs/35732997698,947f402,10,tpcds,linux-6.17.0-1022-azure,4,15.6,3.12.14,duckdb_iceberg,2.0.0.dev2609121639,ok,warm,query,81,0.1174,100,ok,
35732997698-1,2026-09-22T14:23:39Z,https://github.com/djouallah/lakehouse_benchmark/actions/runs/35732997698,947f402,10,tpcds,linux-6.17.0-1022-azure,4,15.6,3.12.14,duckdb_iceberg,2.0.0.dev2609121639,ok,warm,query,82,0.2125,6,ok,
35732997698-1,2026-09-22T14:23:39Z,https://github.com/djouallah/lakehouse_benchmark/actions/runs/35732997698,947f402,10,tpcds,linux-6.17.0-1022-azure,4,15.6,3.12.14,duckdb_iceberg,2.0.0.dev2609121639,ok,warm,query,83,0.1034,100,ok,
35732997698-1,2026-09-22T14:23:39Z,https://github.com/djouallah/lakehouse_benchmark/actions/runs/35732997698,947f402,10,tpcds,linux-6.17.0-1022-azure,4,15.6,3.12.14,duckdb_iceberg,2.0.0.dev2609121639,ok,warm,query,84,0.116,100,ok,
35732997698-1,2026-09-22T14:23:39Z,https://github.com/djouallah/lakehouse_benchmark/actions/runs/35732997698,947f402,10,tpcds,linux-6.17.0-1022-azure,4,15.6,3.12.14,duckdb_iceberg,2.0.0.dev2609121639,ok,warm,query,85,0.2944,19,ok,
35732997698-1,2026-09-22T14:23:39Z,https://github.com/djouallah/lakehouse_benchmark/actions/runs/35732997698,947f402,10,tpcds,linux-6.17.0-1022-azure,4,15.6,3.12.14,duckdb_iceberg,2.0.0.dev2609121639,ok,warm,query,86,0.1262,100,ok,
35732997698-1,2026-09-22T14:23:39Z,https://github.com/djouallah/lakehouse_benchmark/actions/runs/35732997698,947f402,10,tpcds,linux-6.17.0-1022-azure,4,15.6,3.12.14,duckdb_iceberg,2.0.0.dev2609121639,ok,warm,query,87,0.6686,1,ok,
35732997698-1,2026-09-22T14:23:39Z,https://github.com/djouallah/lakehouse_benchmark/actions/runs/35732997698,947f402,10,tpcds,linux-6.17.0-1022-azure,4,15.6,3.12.14,duckdb_iceberg,2.0.0.dev2609121639,ok,warm,query,88,1.7467,1,ok,
35732997698-1,2026-09-22T14:23:39Z,https://github.com/djouallah/lakehouse_benchmark/actions/runs/35732997698,947f402,10,tpcds,linux-6.17.0-1022-azure,4,15.6,3.12.14,duckdb_iceberg,2.0.0.dev2609121639,ok,warm,query,89,0.3751,100,ok,
35732997698-1,2026-09-22T14:23:39Z,https://github.com/djouallah/lakehouse_benchmark/actions/runs/35732997698,947f402,10,tpcds,linux-6.17.0-1022-azure,4,15.6,3.12.14,duckdb_iceberg,2.0.0.dev2609121639,ok,warm,query,90,0.1031,1,ok,
35732997698-1,2026-09-22T14:23:39Z,https://github.com/djouallah/lakehouse_benchmark/actions/runs/35732997698,947f402,10,tpcds,linux-6.17.0-1022-azure,4,15.6,3.12.14,duckdb_iceberg,2.0.0.dev2609121639,ok,warm,query,91,0.1064,16,ok,
35732997698-1,2026-09-22T14:23:39Z,https://github.com/djouallah/lakehouse_benchmark/actions/runs/35732997698,947f402,10,tpcds,linux-6.17.0-1022-azure,4,15.6,3.12.14,duckdb_iceberg,2.0.0.dev2609121639,ok,warm,query,92,0.1114,1,ok,
35732997698-1,2026-09-22T14:23:39Z,https://github.com/djouallah/lakehouse_benchmark/actions/runs/35732997698,947f402,10,tpcds,linux-6.17.0-1022-azure,4,15.6,3.12.14,duckdb_iceberg,2.0.0.dev2609121639,ok,warm,query,93,0.4321,100,ok,
35732997698-1,2026-09-22T14:23:39Z,https://github.com/djouallah/lakehouse_benchmark/actions/runs/35732997698,947f402,10,tpcds,linux-6.17.0-1022-azure,4,15.6,3.12.14,duckdb_iceberg,2.0.0.dev2609121639,ok,warm,query,94,0.1429,1,ok,
35732997698-1,2026-09-22T14:23:39Z,https://github.com/djouallah/lakehouse_benchmark/actions/runs/35732997698,947f402,10,tpcds,linux-6.17.0-1022-azure,4,15.6,3.12.14,duckdb_iceberg,2.0.0.dev2609121639,ok,warm,query,95,2.8882,1,ok,
35732997698-1,2026-09-22T14:23:39Z,https://github.com/djouallah/lakehouse_benchmark/actions/runs/35732997698,947f402,10,tpcds,linux-6.17.0-1022-azure,4,15.6,3.12.14,duckdb_iceberg,2.0.0.dev2609121639,ok,warm,query,96,0.2168,1,ok,
35732997698-1,2026-09-22T14:23:39Z,https://github.com/djouallah/lakehouse_benchmark/actions/runs/35732997698,947f402,10,tpcds,linux-6.17.0-1022-azure,4,15.6,3.12.14,duckdb_iceberg,2.0.0.dev2609121639,ok,warm,query,97,0.6705,1,ok,
35732997698-1,2026-09-22T14:23:39Z,https://github.com/djouallah/lakehouse_benchmark/actions/runs/35732997698,947f402,10,tpcds,linux-6.17.0-1022-azure,4,15.6,3.12.14,duckdb_iceberg,2.0.0.dev2609121639,ok,warm,query,98,0.3576,15080,ok,
35732997698-1,2026-09-22T14:23:39Z,https://github.com/djouallah/lakehouse_benchmark/actions/runs/35732997698,947f402,10,tpcds,linux-6.17.0-1022-azure,4,15.6,3.12.14,duckdb_iceberg,2.0.0.dev2609121639,ok,warm,query,99,0.2252,100,ok,
35732997698-1,2026-09-22T14:23:39Z,https://github.com/djouallah/lakehouse_benchmark/actions/runs/35732997698,947f402,10,tpcds,linux-6.17.0-1022-azure,4,15.6,3.12.14,duckdb_nocache_iceberg,2.0.0.dev2609121639,ok,cold,setup,0,4.2234,,ok,
35732997698-1,2026-09-22T14:23:39Z,https://github.com/djouallah/lakehouse_benchmark/actions/runs/35732997698,947f402,10,tpcds,linux-6.17.0-1022-azure,4,15.6,3.12.14,duckdb_nocache_iceberg,2.0.0.dev2609121639,ok,cold,query,1,3.7338,100,ok,
35732997698-1,2026-09-22T14:23:39Z,https://github.com/djouallah/lakehouse_benchmark/actions/runs/35732997698,947f402,10,tpcds,linux-6.17.0-1022-azure,4,15.6,3.12.14,duckdb_nocache_iceberg,2.0.0.dev2609121639,ok,cold,query,2,1.7634,2513,ok,
35732997698-1,2026-09-22T14:23:39Z,https://github.com/djouallah/lakehouse_benchmark/actions/runs/35732997698,947f402,10,tpcds,linux-6.17.0-1022-azure,4,15.6,3.12.14,duckdb_nocache_iceberg,2.0.0.dev2609121639,ok,cold,query,3,3.3592,100,ok,
35732997698-1,2026-09-22T14:23:39Z,https://github.com/djouallah/lakehouse_benchmark/actions/runs/35732997698,947f402,10,tpcds,linux-6.17.0-1022-azure,4,15.6,3.12.14,duckdb_nocache_iceberg,2.0.0.dev2609121639,ok,cold,query,4,4.9093,100,ok,
35732997698-1,2026-09-22T14:23:39Z,https://github.com/djouallah/lakehouse_benchmark/actions/runs/35732997698,947f402,10,tpcds,linux-6.17.0-1022-azure,4,15.6,3.12.14,duckdb_nocache_iceberg,2.0.0.dev2609121639,ok,cold,query,5,4.4189,100,ok,
35732997698-1,2026-09-22T14:23:39Z,https://github.com/djouallah/lakehouse_benchmark/actions/runs/35732997698,947f402,10,tpcds,linux-6.17.0-1022-azure,4,15.6,3.12.14,duckdb_nocache_iceberg,2.0.0.dev2609121639,ok,cold,query,6,2.0832,51,ok,
35732997698-1,2026-09-22T14:23:39Z,https://github.com/djouallah/lakehouse_benchmark/actions/runs/35732997698,947f402,10,tpcds,linux-6.17.0-1022-azure,4,15.6,3.12.14,duckdb_nocache_iceberg,2.0.0.dev2609121639,ok,cold,query,7,4.6456,100,ok,
35732997698-1,2026-09-22T14:23:39Z,https://github.com/djouallah/lakehouse_benchmark/actions/runs/35732997698,947f402,10,tpcds,linux-6.17.0-1022-azure,4,15.6,3.12.14,duckdb_nocache_iceberg,2.0.0.dev2609121639,ok,cold,query,8,1.9578,9,ok,
35732997698-1,2026-09-22T14:23:39Z,https://github.com/djouallah/lakehouse_benchmark/actions/runs/35732997698,947f402,10,tpcds,linux-6.17.0-1022-azure,4,15.6,3.12.14,duckdb_nocache_iceberg,2.0.0.dev2609121639,ok,cold,query,9,22.169,1,ok,
35732997698-1,2026-09-22T14:23:39Z,https://github.com/djouallah/lakehouse_benchmark/actions/runs/35732997698,947f402,10,tpcds,linux-6.17.0-1022-azure,4,15.6,3.12.14,duckdb_nocache_iceberg,2.0.0.dev2609121639,ok,cold,query,10,2.9764,100,ok,
35732997698-1,2026-09-22T14:23:39Z,https://github.com/djouallah/lakehouse_benchmark/actions/runs/35732997698,947f402,10,tpcds,linux-6.17.0-1022-azure,4,15.6,3.12.14,duckdb_nocache_iceberg,2.0.0.dev2609121639,ok,cold,query,11,2.9207,100,ok,
35732997698-1,2026-09-22T14:23:39Z,https://github.com/djouallah/lakehouse_benchmark/actions/runs/35732997698,947f402,10,tpcds,linux-6.17.0-1022-azure,4,15.6,3.12.14,duckdb_nocache_iceberg,2.0.0.dev2609121639,ok,cold,query,12,0.7083,100,ok,
35732997698-1,2026-09-22T14:23:39Z,https://github.com/djouallah/lakehouse_benchmark/actions/runs/35732997698,947f402,10,tpcds,linux-6.17.0-1022-azure,4,15.6,3.12.14,duckdb_nocache_iceberg,2.0.0.dev2609121639,ok,cold,query,13,3.8928,1,ok,
35732997698-1,2026-09-22T14:23:39Z,https://github.com/djouallah/lakehouse_benchmark/actions/runs/35732997698,947f402,10,tpcds,linux-6.17.0-1022-azure,4,15.6,3.12.14,duckdb_nocache_iceberg,2.0.0.dev2609121639,ok,cold,query,14,8.1448,100,ok,
35732997698-1,2026-09-22T14:23:39Z,https://github.com/djouallah/lakehouse_benchmark/actions/runs/35732997698,947f402,10,tpcds,linux-6.17.0-1022-azure,4,15.6,3.12.14,duckdb_nocache_iceberg,2.0.0.dev2609121639,ok,cold,query,15,0.6877,100,ok,
35732997698-1,2026-09-22T14:23:39Z,https://github.com/djouallah/lakehouse_benchmark/actions/runs/35732997698,947f402,10,tpcds,linux-6.17.0-1022-azure,4,15.6,3.12.14,duckdb_nocache_iceberg,2.0.0.dev2609121639,ok,cold,query,16,1.7271,1,ok,
35732997698-1,2026-09-22T14:23:39Z,https://github.com/djouallah/lakehouse_benchmark/actions/runs/35732997698,947f402,10,tpcds,linux-6.17.0-1022-azure,4,15.6,3.12.14,duckdb_nocache_iceberg,2.0.0.dev2609121639,ok,cold,query,17,3.8734,0,ok,
35732997698-1,2026-09-22T14:23:39Z,https://github.com/djouallah/lakehouse_benchmark/actions/runs/35732997698,947f402,10,tpcds,linux-6.17.0-1022-azure,4,15.6,3.12.14,duckdb_nocache_iceberg,2.0.0.dev2609121639,ok,cold,query,18,1.654,100,ok,
35732997698-1,2026-09-22T14:23:39Z,https://github.com/djouallah/lakehouse_benchmark/actions/runs/35732997698,947f402,10,tpcds,linux-6.17.0-1022-azure,4,15.6,3.12.14,duckdb_nocache_iceberg,2.0.0.dev2609121639,ok,cold,query,19,4.0411,100,ok,
35732997698-1,2026-09-22T14:23:39Z,https://github.com/djouallah/lakehouse_benchmark/actions/runs/35732997698,947f402,10,tpcds,linux-6.17.0-1022-azure,4,15.6,3.12.14,duckdb_nocache_iceberg,2.0.0.dev2609121639,ok,cold,query,20,0.4487,100,ok,
35732997698-1,2026-09-22T14:23:39Z,https://github.com/djouallah/lakehouse_benchmark/actions/runs/35732997698,947f402,10,tpcds,linux-6.17.0-1022-azure,4,15.6,3.12.14,duckdb_nocache_iceberg,2.0.0.dev2609121639,ok,cold,query,21,0.5564,100,ok,
35732997698-1,2026-09-22T14:23:39Z,https://github.com/djouallah/lakehouse_benchmark/actions/runs/35732997698,947f402,10,tpcds,linux-6.17.0-1022-azure,4,15.6,3.12.14,duckdb_nocache_iceberg,2.0.0.dev2609121639,ok,cold,query,22,2.3723,100,ok,
35732997698-1,2026-09-22T14:23:39Z,https://github.com/djouallah/lakehouse_benchmark/actions/runs/35732997698,947f402,10,tpcds,linux-6.17.0-1022-azure,4,15.6,3.12.14,duckdb_nocache_iceberg,2.0.0.dev2609121639,ok,cold,query,23,7.033,100,ok,
35732997698-1,2026-09-22T14:23:39Z,https://github.com/djouallah/lakehouse_benchmark/actions/runs/35732997698,947f402,10,tpcds,linux-6.17.0-1022-azure,4,15.6,3.12.14,duckdb_nocache_iceberg,2.0.0.dev2609121639,ok,cold,query,24,3.7415,7,ok,
35732997698-1,2026-09-22T14:23:39Z,https://github.com/djouallah/lakehouse_benchmark/actions/runs/35732997698,947f402,10,tpcds,linux-6.17.0-1022-azure,4,15.6,3.12.14,duckdb_nocache_iceberg,2.0.0.dev2609121639,ok,cold,query,25,3.7696,1,ok,
35732997698-1,2026-09-22T14:23:39Z,https://github.com/djouallah/lakehouse_benchmark/actions/runs/35732997698,947f402,10,tpcds,linux-6.17.0-1022-azure,4,15.6,3.12.14,duckdb_nocache_iceberg,2.0.0.dev2609121639,ok,cold,query,26,1.2976,100,ok,
35732997698-1,2026-09-22T14:23:39Z,https://github.com/djouallah/lakehouse_benchmark/actions/runs/35732997698,947f402,10,tpcds,linux-6.17.0-1022-azure,4,15.6,3.12.14,duckdb_nocache_iceberg,2.0.0.dev2609121639,ok,cold,query,27,4.1194,100,ok,
35732997698-1,2026-09-22T14:23:39Z,https://github.com/djouallah/lakehouse_benchmark/actions/runs/35732997698,947f402,10,tpcds,linux-6.17.0-1022-azure,4,15.6,3.12.14,duckdb_nocache_iceberg,2.0.0.dev2609121639,ok,cold,query,28,7.5918,1,ok,
35732997698-1,2026-09-22T14:23:39Z,https://github.com/djouallah/lakehouse_benchmark/actions/runs/35732997698,947f402,10,tpcds,linux-6.17.0-1022-azure,4,15.6,3.12.14,duckdb_nocache_iceberg,2.0.0.dev2609121639,ok,cold,query,29,4.6814,3,ok,
35732997698-1,2026-09-22T14:23:39Z,https://github.com/djouallah/lakehouse_benchmark/actions/runs/35732997698,947f402,10,tpcds,linux-6.17.0-1022-azure,4,15.6,3.12.14,duckdb_nocache_iceberg,2.0.0.dev2609121639,ok,cold,query,30,0.7193,100,ok,
35732997698-1,2026-09-22T14:23:39Z,https://github.com/djouallah/lakehouse_benchmark/actions/runs/35732997698,947f402,10,tpcds,linux-6.17.0-1022-azure,4,15.6,3.12.14,duckdb_nocache_iceberg,2.0.0.dev2609121639,ok,cold,query,31,3.4649,288,ok,
35732997698-1,2026-09-22T14:23:39Z,https://github.com/djouallah/lakehouse_benchmark/actions/runs/35732997698,947f402,10,tpcds,linux-6.17.0-1022-azure,4,15.6,3.12.14,duckdb_nocache_iceberg,2.0.0.dev2609121639,ok,cold,query,32,0.5574,1,ok,
35732997698-1,2026-09-22T14:23:39Z,https://github.com/djouallah/lakehouse_benchmark/actions/runs/35732997698,947f402,10,tpcds,linux-6.17.0-1022-azure,4,15.6,3.12.14,duckdb_nocache_iceberg,2.0.0.dev2609121639,ok,cold,query,33,3.8245,100,ok,
35732997698-1,2026-09-22T14:23:39Z,https://github.com/djouallah/lakehouse_benchmark/actions/runs/35732997698,947f402,10,tpcds,linux-6.17.0-1022-azure,4,15.6,3.12.14,duckdb_nocache_iceberg,2.0.0.dev2609121639,ok,cold,query,34,3.3712,1546,ok,
35732997698-1,2026-09-22T14:23:39Z,https://github.com/djouallah/lakehouse_benchmark/actions/runs/35732997698,947f402,10,tpcds,linux-6.17.0-1022-azure,4,15.6,3.12.14,duckdb_nocache_iceberg,2.0.0.dev2609121639,ok,cold,query,35,2.5938,100,ok,
35732997698-1,2026-09-22T14:23:39Z,https://github.com/djouallah/lakehouse_benchmark/actions/runs/35732997698,947f402,10,tpcds,linux-6.17.0-1022-azure,4,15.6,3.12.14,duckdb_nocache_iceberg,2.0.0.dev2609121639,ok,cold,query,36,3.1672,100,ok,
35732997698-1,2026-09-22T14:23:39Z,https://github.com/djouallah/lakehouse_benchmark/actions/runs/35732997698,947f402,10,tpcds,linux-6.17.0-1022-azure,4,15.6,3.12.14,duckdb_nocache_iceberg,2.0.0.dev2609121639,ok,cold,query,37,1.9489,2,ok,
35732997698-1,2026-09-22T14:23:39Z,https://github.com/djouallah/lakehouse_benchmark/actions/runs/35732997698,947f402,10,tpcds,linux-6.17.0-1022-azure,4,15.6,3.12.14,duckdb_nocache_iceberg,2.0.0.dev2609121639,ok,cold,query,38,2.3231,1,ok,
35732997698-1,2026-09-22T14:23:39Z,https://github.com/djouallah/lakehouse_benchmark/actions/runs/35732997698,947f402,10,tpcds,linux-6.17.0-1022-azure,4,15.6,3.12.14,duckdb_nocache_iceberg,2.0.0.dev2609121639,ok,cold,query,39,0.7401,2433,ok,
35732997698-1,2026-09-22T14:23:39Z,https://github.com/djouallah/lakehouse_benchmark/actions/runs/35732997698,947f402,10,tpcds,linux-6.17.0-1022-azure,4,15.6,3.12.14,duckdb_nocache_iceberg,2.0.0.dev2609121639,ok,cold,query,40,0.6823,100,ok,
35732997698-1,2026-09-22T14:23:39Z,https://github.com/djouallah/lakehouse_benchmark/actions/runs/35732997698,947f402,10,tpcds,linux-6.17.0-1022-azure,4,15.6,3.12.14,duckdb_nocache_iceberg,2.0.0.dev2609121639,ok,cold,query,41,0.3736,41,ok,
35732997698-1,2026-09-22T14:23:39Z,https://github.com/djouallah/lakehouse_benchmark/actions/runs/35732997698,947f402,10,tpcds,linux-6.17.0-1022-azure,4,15.6,3.12.14,duckdb_nocache_iceberg,2.0.0.dev2609121639,ok,cold,query,42,3.6488,11,ok,
35732997698-1,2026-09-22T14:23:39Z,https://github.com/djouallah/lakehouse_benchmark/actions/runs/35732997698,947f402,10,tpcds,linux-6.17.0-1022-azure,4,15.6,3.12.14,duckdb_nocache_iceberg,2.0.0.dev2609121639,ok,cold,query,43,2.6858,17,ok,
35732997698-1,2026-09-22T14:23:39Z,https://github.com/djouallah/lakehouse_benchmark/actions/runs/35732997698,947f402,10,tpcds,linux-6.17.0-1022-azure,4,15.6,3.12.14,duckdb_nocache_iceberg,2.0.0.dev2609121639,ok,cold,query,44,9.2549,10,ok,
35732997698-1,2026-09-22T14:23:39Z,https://github.com/djouallah/lakehouse_benchmark/actions/runs/35732997698,947f402,10,tpcds,linux-6.17.0-1022-azure,4,15.6,3.12.14,duckdb_nocache_iceberg,2.0.0.dev2609121639,ok,cold,query,45,1.0763,49,ok,
35732997698-1,2026-09-22T14:23:39Z,https://github.com/djouallah/lakehouse_benchmark/actions/runs/35732997698,947f402,10,tpcds,linux-6.17.0-1022-azure,4,15.6,3.12.14,duckdb_nocache_iceberg,2.0.0.dev2609121639,ok,cold,query,46,3.7367,100,ok,
35732997698-1,2026-09-22T14:23:39Z,https://github.com/djouallah/lakehouse_benchmark/actions/runs/35732997698,947f402,10,tpcds,linux-6.17.0-1022-azure,4,15.6,3.12.14,duckdb_nocache_iceberg,2.0.0.dev2609121639,ok,cold,query,47,2.3123,100,ok,
35732997698-1,2026-09-22T14:23:39Z,https://github.com/djouallah/lakehouse_benchmark/actions/runs/35732997698,947f402,10,tpcds,linux-6.17.0-1022-azure,4,15.6,3.12.14,duckdb_nocache_iceberg,2.0.0.dev2609121639,ok,cold,query,48,4.0057,1,ok,
35732997698-1,2026-09-22T14:23:39Z,https://github.com/djouallah/lakehouse_benchmark/actions/runs/35732997698,947f402,10,tpcds,linux-6.17.0-1022-azure,4,15.6,3.12.14,duckdb_nocache_iceberg,2.0.0.dev2609121639,ok,cold,query,49,4.2044,41,ok,
35732997698-1,2026-09-22T14:23:39Z,https://github.com/djouallah/lakehouse_benchmark/actions/runs/35732997698,947f402,10,tpcds,linux-6.17.0-1022-azure,4,15.6,3.12.14,duckdb_nocache_iceberg,2.0.0.dev2609121639,ok,cold,query,50,2.6091,51,ok,
35732997698-1,2026-09-22T14:23:39Z,https://github.com/djouallah/lakehouse_benchmark/actions/runs/35732997698,947f402,10,tpcds,linux-6.17.0-1022-azure,4,15.6,3.12.14,duckdb_nocache_iceberg,2.0.0.dev2609121639,ok,cold,query,51,6.1678,100,ok,
35732997698-1,2026-09-22T14:23:39Z,https://github.com/djouallah/lakehouse_benchmark/actions/runs/35732997698,947f402,10,tpcds,linux-6.17.0-1022-azure,4,15.6,3.12.14,duckdb_nocache_iceberg,2.0.0.dev2609121639,ok,cold,query,52,3.8746,100,ok,
35732997698-1,2026-09-22T14:23:39Z,https://github.com/djouallah/lakehouse_benchmark/actions/runs/35732997698,947f402,10,tpcds,linux-6.17.0-1022-azure,4,15.6,3.12.14,duckdb_nocache_iceberg,2.0.0.dev2609121639,ok,cold,query,53,2.2386,100,ok,
35732997698-1,2026-09-22T14:23:39Z,https://github.com/djouallah/lakehouse_benchmark/actions/runs/35732997698,947f402,10,tpcds,linux-6.17.0-1022-azure,4,15.6,3.12.14,duckdb_nocache_iceberg,2.0.0.dev2609121639,ok,cold,query,54,2.5598,1,ok,
35732997698-1,2026-09-22T14:23:39Z,https://github.com/djouallah/lakehouse_benchmark/actions/runs/35732997698,947f402,10,tpcds,linux-6.17.0-1022-azure,4,15.6,3.12.14,duckdb_nocache_iceberg,2.0.0.dev2609121639,ok,cold,query,55,3.388,100,ok,
35732997698-1,2026-09-22T14:23:39Z,https://github.com/djouallah/lakehouse_benchmark/actions/runs/35732997698,947f402,10,tpcds,linux-6.17.0-1022-azure,4,15.6,3.12.14,duckdb_nocache_iceberg,2.0.0.dev2609121639,ok,cold,query,56,3.3609,100,ok,
35732997698-1,2026-09-22T14:23:39Z,https://github.com/djouallah/lakehouse_benchmark/actions/runs/35732997698,947f402,10,tpcds,linux-6.17.0-1022-azure,4,15.6,3.12.14,duckdb_nocache_iceberg,2.0.0.dev2609121639,ok,cold,query,57,1.0141,100,ok,
35732997698-1,2026-09-22T14:23:39Z,https://github.com/djouallah/lakehouse_benchmark/actions/runs/35732997698,947f402,10,tpcds,linux-6.17.0-1022-azure,4,15.6,3.12.14,duckdb_nocache_iceberg,2.0.0.dev2609121639,ok,cold,query,58,4.5928,38,ok,
35732997698-1,2026-09-22T14:23:39Z,https://github.com/djouallah/lakehouse_benchmark/actions/runs/35732997698,947f402,10,tpcds,linux-6.17.0-1022-azure,4,15.6,3.12.14,duckdb_nocache_iceberg,2.0.0.dev2609121639,ok,cold,query,59,3.537,100,ok,
35732997698-1,2026-09-22T14:23:39Z,https://github.com/djouallah/lakehouse_benchmark/actions/runs/35732997698,947f402,10,tpcds,linux-6.17.0-1022-azure,4,15.6,3.12.14,duckdb_nocache_iceberg,2.0.0.dev2609121639,ok,cold,query,60,3.0721,100,ok,
35732997698-1,2026-09-22T14:23:39Z,https://github.com/djouallah/lakehouse_benchmark/actions/runs/35732997698,947f402,10,tpcds,linux-6.17.0-1022-azure,4,15.6,3.12.14,duckdb_nocache_iceberg,2.0.0.dev2609121639,ok,cold,query,61,6.1851,1,ok,
35732997698-1,2026-09-22T14:23:39Z,https://github.com/djouallah/lakehouse_benchmark/actions/runs/35732997698,947f402,10,tpcds,linux-6.17.0-1022-azure,4,15.6,3.12.14,duckdb_nocache_iceberg,2.0.0.dev2609121639,ok,cold,query,62,2.0192,100,ok,
35732997698-1,2026-09-22T14:23:39Z,https://github.com/djouallah/lakehouse_benchmark/actions/runs/35732997698,947f402,10,tpcds,linux-6.17.0-1022-azure,4,15.6,3.12.14,duckdb_nocache_iceberg,2.0.0.dev2609121639,ok,cold,query,63,2.2295,100,ok,
35732997698-1,2026-09-22T14:23:39Z,https://github.com/djouallah/lakehouse_benchmark/actions/runs/35732997698,947f402,10,tpcds,linux-6.17.0-1022-azure,4,15.6,3.12.14,duckdb_nocache_iceberg,2.0.0.dev2609121639,ok,cold,query,64,6.3164,33,ok,
35732997698-1,2026-09-22T14:23:39Z,https://github.com/djouallah/lakehouse_benchmark/actions/runs/35732997698,947f402,10,tpcds,linux-6.17.0-1022-azure,4,15.6,3.12.14,duckdb_nocache_iceberg,2.0.0.dev2609121639,ok,cold,query,65,6.4222,100,ok,
35732997698-1,2026-09-22T14:23:39Z,https://github.com/djouallah/lakehouse_benchmark/actions/runs/35732997698,947f402,10,tpcds,linux-6.17.0-1022-azure,4,15.6,3.12.14,duckdb_nocache_iceberg,2.0.0.dev2609121639,ok,cold,query,66,2.3635,10,ok,
35732997698-1,2026-09-22T14:23:39Z,https://github.com/djouallah/lakehouse_benchmark/actions/runs/35732997698,947f402,10,tpcds,linux-6.17.0-1022-azure,4,15.6,3.12.14,duckdb_nocache_iceberg,2.0.0.dev2609121639,ok,cold,query,67,5.7098,100,ok,
35732997698-1,2026-09-22T14:23:39Z,https://github.com/djouallah/lakehouse_benchmark/actions/runs/35732997698,947f402,10,tpcds,linux-6.17.0-1022-azure,4,15.6,3.12.14,duckdb_nocache_iceberg,2.0.0.dev2609121639,ok,cold,query,68,3.9806,100,ok,
35732997698-1,2026-09-22T14:23:39Z,https://github.com/djouallah/lakehouse_benchmark/actions/runs/35732997698,947f402,10,tpcds,linux-6.17.0-1022-azure,4,15.6,3.12.14,duckdb_nocache_iceberg,2.0.0.dev2609121639,ok,cold,query,69,3.1498,100,ok,
35732997698-1,2026-09-22T14:23:39Z,https://github.com/djouallah/lakehouse_benchmark/actions/runs/35732997698,947f402,10,tpcds,linux-6.17.0-1022-azure,4,15.6,3.12.14,duckdb_nocache_iceberg,2.0.0.dev2609121639,ok,cold,query,70,4.2252,8,ok,
35732997698-1,2026-09-22T14:23:39Z,https://github.com/djouallah/lakehouse_benchmark/actions/runs/35732997698,947f402,10,tpcds,linux-6.17.0-1022-azure,4,15.6,3.12.14,duckdb_nocache_iceberg,2.0.0.dev2609121639,ok,cold,query,71,5.1339,9669,ok,
35732997698-1,2026-09-22T14:23:39Z,https://github.com/djouallah/lakehouse_benchmark/actions/runs/35732997698,947f402,10,tpcds,linux-6.17.0-1022-azure,4,15.6,3.12.14,duckdb_nocache_iceberg,2.0.0.dev2609121639,ok,cold,query,72,5.1443,100,ok,
35732997698-1,2026-09-22T14:23:39Z,https://github.com/djouallah/lakehouse_benchmark/actions/runs/35732997698,947f402,10,tpcds,linux-6.17.0-1022-azure,4,15.6,3.12.14,duckdb_nocache_iceberg,2.0.0.dev2609121639,ok,cold,query,73,2.8481,16,ok,
35732997698-1,2026-09-22T14:23:39Z,https://github.com/djouallah/lakehouse_benchmark/actions/runs/35732997698,947f402,10,tpcds,linux-6.17.0-1022-azure,4,15.6,3.12.14,duckdb_nocache_iceberg,2.0.0.dev2609121639,ok,cold,query,74,3.9359,100,ok,
35732997698-1,2026-09-22T14:23:39Z,https://github.com/djouallah/lakehouse_benchmark/actions/runs/35732997698,947f402,10,tpcds,linux-6.17.0-1022-azure,4,15.6,3.12.14,duckdb_nocache_iceberg,2.0.0.dev2609121639,ok,cold,query,75,4.3519,100,ok,
35732997698-1,2026-09-22T14:23:39Z,https://github.com/djouallah/lakehouse_benchmark/actions/runs/35732997698,947f402,10,tpcds,linux-6.17.0-1022-azure,4,15.6,3.12.14,duckdb_nocache_iceberg,2.0.0.dev2609121639,ok,cold,query,76,4.8616,100,ok,
35732997698-1,2026-09-22T14:23:39Z,https://github.com/djouallah/lakehouse_benchmark/actions/runs/35732997698,947f402,10,tpcds,linux-6.17.0-1022-azure,4,15.6,3.12.14,duckdb_nocache_iceberg,2.0.0.dev2609121639,ok,cold,query,77,26.2632,100,ok,
35732997698-1,2026-09-22T14:23:39Z,https://github.com/djouallah/lakehouse_benchmark/actions/runs/35732997698,947f402,10,tpcds,linux-6.17.0-1022-azure,4,15.6,3.12.14,duckdb_nocache_iceberg,2.0.0.dev2609121639,ok,cold,query,78,4.894,100,ok,
35732997698-1,2026-09-22T14:23:39Z,https://github.com/djouallah/lakehouse_benchmark/actions/runs/35732997698,947f402,10,tpcds,linux-6.17.0-1022-azure,4,15.6,3.12.14,duckdb_nocache_iceberg,2.0.0.dev2609121639,ok,cold,query,79,2.9873,100,ok,
35732997698-1,2026-09-22T14:23:39Z,https://github.com/djouallah/lakehouse_benchmark/actions/runs/35732997698,947f402,10,tpcds,linux-6.17.0-1022-azure,4,15.6,3.12.14,duckdb_nocache_iceberg,2.0.0.dev2609121639,ok,cold,query,80,4.7759,100,ok,
35732997698-1,2026-09-22T14:23:39Z,https://github.com/djouallah/lakehouse_benchmark/actions/runs/35732997698,947f402,10,tpcds,linux-6.17.0-1022-azure,4,15.6,3.12.14,duckdb_nocache_iceberg,2.0.0.dev2609121639,ok,cold,query,81,0.6636,100,ok,
35732997698-1,2026-09-22T14:23:39Z,https://github.com/djouallah/lakehouse_benchmark/actions/runs/35732997698,947f402,10,tpcds,linux-6.17.0-1022-azure,4,15.6,3.12.14,duckdb_nocache_iceberg,2.0.0.dev2609121639,ok,cold,query,82,1.7177,6,ok,
35732997698-1,2026-09-22T14:23:39Z,https://github.com/djouallah/lakehouse_benchmark/actions/runs/35732997698,947f402,10,tpcds,linux-6.17.0-1022-azure,4,15.6,3.12.14,duckdb_nocache_iceberg,2.0.0.dev2609121639,ok,cold,query,83,1.2464,100,ok,
35732997698-1,2026-09-22T14:23:39Z,https://github.com/djouallah/lakehouse_benchmark/actions/runs/35732997698,947f402,10,tpcds,linux-6.17.0-1022-azure,4,15.6,3.12.14,duckdb_nocache_iceberg,2.0.0.dev2609121639,ok,cold,query,84,0.6812,100,ok,
35732997698-1,2026-09-22T14:23:39Z,https://github.com/djouallah/lakehouse_benchmark/actions/runs/35732997698,947f402,10,tpcds,linux-6.17.0-1022-azure,4,15.6,3.12.14,duckdb_nocache_iceberg,2.0.0.dev2609121639,ok,cold,query,85,2.0504,19,ok,
35732997698-1,2026-09-22T14:23:39Z,https://github.com/djouallah/lakehouse_benchmark/actions/runs/35732997698,947f402,10,tpcds,linux-6.17.0-1022-azure,4,15.6,3.12.14,duckdb_nocache_iceberg,2.0.0.dev2609121639,ok,cold,query,86,0.6421,100,ok,
35732997698-1,2026-09-22T14:23:39Z,https://github.com/djouallah/lakehouse_benchmark/actions/runs/35732997698,947f402,10,tpcds,linux-6.17.0-1022-azure,4,15.6,3.12.14,duckdb_nocache_iceberg,2.0.0.dev2609121639,ok,cold,query,87,2.2562,1,ok,
35732997698-1,2026-09-22T14:23:39Z,https://github.com/djouallah/lakehouse_benchmark/actions/runs/35732997698,947f402,10,tpcds,linux-6.17.0-1022-azure,4,15.6,3.12.14,duckdb_nocache_iceberg,2.0.0.dev2609121639,ok,cold,query,88,18.6553,1,ok,
35732997698-1,2026-09-22T14:23:39Z,https://github.com/djouallah/lakehouse_benchmark/actions/runs/35732997698,947f402,10,tpcds,linux-6.17.0-1022-azure,4,15.6,3.12.14,duckdb_nocache_iceberg,2.0.0.dev2609121639,ok,cold,query,89,3.1893,100,ok,
35732997698-1,2026-09-22T14:23:39Z,https://github.com/djouallah/lakehouse_benchmark/actions/runs/35732997698,947f402,10,tpcds,linux-6.17.0-1022-azure,4,15.6,3.12.14,duckdb_nocache_iceberg,2.0.0.dev2609121639,ok,cold,query,90,1.574,1,ok,
35732997698-1,2026-09-22T14:23:39Z,https://github.com/djouallah/lakehouse_benchmark/actions/runs/35732997698,947f402,10,tpcds,linux-6.17.0-1022-azure,4,15.6,3.12.14,duckdb_nocache_iceberg,2.0.0.dev2609121639,ok,cold,query,91,1.0025,16,ok,
35732997698-1,2026-09-22T14:23:39Z,https://github.com/djouallah/lakehouse_benchmark/actions/runs/35732997698,947f402,10,tpcds,linux-6.17.0-1022-azure,4,15.6,3.12.14,duckdb_nocache_iceberg,2.0.0.dev2609121639,ok,cold,query,92,2.0302,1,ok,
35732997698-1,2026-09-22T14:23:39Z,https://github.com/djouallah/lakehouse_benchmark/actions/runs/35732997698,947f402,10,tpcds,linux-6.17.0-1022-azure,4,15.6,3.12.14,duckdb_nocache_iceberg,2.0.0.dev2609121639,ok,cold,query,93,3.3369,100,ok,
35732997698-1,2026-09-22T14:23:39Z,https://github.com/djouallah/lakehouse_benchmark/actions/runs/35732997698,947f402,10,tpcds,linux-6.17.0-1022-azure,4,15.6,3.12.14,duckdb_nocache_iceberg,2.0.0.dev2609121639,ok,cold,query,94,1.7727,1,ok,
35732997698-1,2026-09-22T14:23:39Z,https://github.com/djouallah/lakehouse_benchmark/actions/runs/35732997698,947f402,10,tpcds,linux-6.17.0-1022-azure,4,15.6,3.12.14,duckdb_nocache_iceberg,2.0.0.dev2609121639,ok,cold,query,95,4.9212,1,ok,
35732997698-1,2026-09-22T14:23:39Z,https://github.com/djouallah/lakehouse_benchmark/actions/runs/35732997698,947f402,10,tpcds,linux-6.17.0-1022-azure,4,15.6,3.12.14,duckdb_nocache_iceberg,2.0.0.dev2609121639,ok,cold,query,96,2.5538,1,ok,
35732997698-1,2026-09-22T14:23:39Z,https://github.com/djouallah/lakehouse_benchmark/actions/runs/35732997698,947f402,10,tpcds,linux-6.17.0-1022-azure,4,15.6,3.12.14,duckdb_nocache_iceberg,2.0.0.dev2609121639,ok,cold,query,97,4.1134,1,ok,
35732997698-1,2026-09-22T14:23:39Z,https://github.com/djouallah/lakehouse_benchmark/actions/runs/35732997698,947f402,10,tpcds,linux-6.17.0-1022-azure,4,15.6,3.12.14,duckdb_nocache_iceberg,2.0.0.dev2609121639,ok,cold,query,98,3.0471,15080,ok,
35732997698-1,2026-09-22T14:23:39Z,https://github.com/djouallah/lakehouse_benchmark/actions/runs/35732997698,947f402,10,tpcds,linux-6.17.0-1022-azure,4,15.6,3.12.14,duckdb_nocache_iceberg,2.0.0.dev2609121639,ok,cold,query,99,0.6357,100,ok,
35732997698-1,2026-09-22T14:23:39Z,https://github.com/djouallah/lakehouse_benchmark/actions/runs/35732997698,947f402,10,tpcds,linux-6.17.0-1022-azure,4,15.6,3.12.14,duckdb_nocache_iceberg,2.0.0.dev2609121639,ok,warm,query,1,0.8537,100,ok,
35732997698-1,2026-09-22T14:23:39Z,https://github.com/djouallah/lakehouse_benchmark/actions/runs/35732997698,947f402,10,tpcds,linux-6.17.0-1022-azure,4,15.6,3.12.14,duckdb_nocache_iceberg,2.0.0.dev2609121639,ok,warm,query,2,1.977,2513,ok,
35732997698-1,2026-09-22T14:23:39Z,https://github.com/djouallah/lakehouse_benchmark/actions/runs/35732997698,947f402,10,tpcds,linux-6.17.0-1022-azure,4,15.6,3.12.14,duckdb_nocache_iceberg,2.0.0.dev2609121639,ok,warm,query,3,3.3881,100,ok,
35732997698-1,2026-09-22T14:23:39Z,https://github.com/djouallah/lakehouse_benchmark/actions/runs/35732997698,947f402,10,tpcds,linux-6.17.0-1022-azure,4,15.6,3.12.14,duckdb_nocache_iceberg,2.0.0.dev2609121639,ok,warm,query,4,4.0941,100,ok,
35732997698-1,2026-09-22T14:23:39Z,https://github.com/djouallah/lakehouse_benchmark/actions/runs/35732997698,947f402,10,tpcds,linux-6.17.0-1022-azure,4,15.6,3.12.14,duckdb_nocache_iceberg,2.0.0.dev2609121639,ok,warm,query,5,4.7448,100,ok,
35732997698-1,2026-09-22T14:23:39Z,https://github.com/djouallah/lakehouse_benchmark/actions/runs/35732997698,947f402,10,tpcds,linux-6.17.0-1022-azure,4,15.6,3.12.14,duckdb_nocache_iceberg,2.0.0.dev2609121639,ok,warm,query,6,1.6434,51,ok,
35732997698-1,2026-09-22T14:23:39Z,https://github.com/djouallah/lakehouse_benchmark/actions/runs/35732997698,947f402,10,tpcds,linux-6.17.0-1022-azure,4,15.6,3.12.14,duckdb_nocache_iceberg,2.0.0.dev2609121639,ok,warm,query,7,3.6268,100,ok,
35732997698-1,2026-09-22T14:23:39Z,https://github.com/djouallah/lakehouse_benchmark/actions/runs/35732997698,947f402,10,tpcds,linux-6.17.0-1022-azure,4,15.6,3.12.14,duckdb_nocache_iceberg,2.0.0.dev2609121639,ok,warm,query,8,2.8565,9,ok,
35732997698-1,2026-09-22T14:23:39Z,https://github.com/djouallah/lakehouse_benchmark/actions/runs/35732997698,947f402,10,tpcds,linux-6.17.0-1022-azure,4,15.6,3.12.14,duckdb_nocache_iceberg,2.0.0.dev2609121639,ok,warm,query,9,17.9103,1,ok,
35732997698-1,2026-09-22T14:23:39Z,https://github.com/djouallah/lakehouse_benchmark/actions/runs/35732997698,947f402,10,tpcds,linux-6.17.0-1022-azure,4,15.6,3.12.14,duckdb_nocache_iceberg,2.0.0.dev2609121639,ok,warm,query,10,2.649,100,ok,
35732997698-1,2026-09-22T14:23:39Z,https://github.com/djouallah/lakehouse_benchmark/actions/runs/35732997698,947f402,10,tpcds,linux-6.17.0-1022-azure,4,15.6,3.12.14,duckdb_nocache_iceberg,2.0.0.dev2609121639,ok,warm,query,11,3.4353,100,ok,
35732997698-1,2026-09-22T14:23:39Z,https://github.com/djouallah/lakehouse_benchmark/actions/runs/35732997698,947f402,10,tpcds,linux-6.17.0-1022-azure,4,15.6,3.12.14,duckdb_nocache_iceberg,2.0.0.dev2609121639,ok,warm,query,12,1.212,100,ok,
35732997698-1,2026-09-22T14:23:39Z,https://github.com/djouallah/lakehouse_benchmark/actions/runs/35732997698,947f402,10,tpcds,linux-6.17.0-1022-azure,4,15.6,3.12.14,duckdb_nocache_iceberg,2.0.0.dev2609121639,ok,warm,query,13,3.8062,1,ok,
35732997698-1,2026-09-22T14:23:39Z,https://github.com/djouallah/lakehouse_benchmark/actions/runs/35732997698,947f402,10,tpcds,linux-6.17.0-1022-azure,4,15.6,3.12.14,duckdb_nocache_iceberg,2.0.0.dev2609121639,ok,warm,query,14,9.6816,100,ok,
35732997698-1,2026-09-22T14:23:39Z,https://github.com/djouallah/lakehouse_benchmark/actions/runs/35732997698,947f402,10,tpcds,linux-6.17.0-1022-azure,4,15.6,3.12.14,duckdb_nocache_iceberg,2.0.0.dev2609121639,ok,warm,query,15,0.691,100,ok,
35732997698-1,2026-09-22T14:23:39Z,https://github.com/djouallah/lakehouse_benchmark/actions/runs/35732997698,947f402,10,tpcds,linux-6.17.0-1022-azure,4,15.6,3.12.14,duckdb_nocache_iceberg,2.0.0.dev2609121639,ok,warm,query,16,1.6553,1,ok,
35732997698-1,2026-09-22T14:23:39Z,https://github.com/djouallah/lakehouse_benchmark/actions/runs/35732997698,947f402,10,tpcds,linux-6.17.0-1022-azure,4,15.6,3.12.14,duckdb_nocache_iceberg,2.0.0.dev2609121639,ok,warm,query,17,3.5983,0,ok,
35732997698-1,2026-09-22T14:23:39Z,https://github.com/djouallah/lakehouse_benchmark/actions/runs/35732997698,947f402,10,tpcds,linux-6.17.0-1022-azure,4,15.6,3.12.14,duckdb_nocache_iceberg,2.0.0.dev2609121639,ok,warm,query,18,1.8869,100,ok,
35732997698-1,2026-09-22T14:23:39Z,https://github.com/djouallah/lakehouse_benchmark/actions/runs/35732997698,947f402,10,tpcds,linux-6.17.0-1022-azure,4,15.6,3.12.14,duckdb_nocache_iceberg,2.0.0.dev2609121639,ok,warm,query,19,4.6721,100,ok,
35732997698-1,2026-09-22T14:23:39Z,https://github.com/djouallah/lakehouse_benchmark/actions/runs/35732997698,947f402,10,tpcds,linux-6.17.0-1022-azure,4,15.6,3.12.14,duckdb_nocache_iceberg,2.0.0.dev2609121639,ok,warm,query,20,0.488,100,ok,
35732997698-1,2026-09-22T14:23:39Z,https://github.com/djouallah/lakehouse_benchmark/actions/runs/35732997698,947f402,10,tpcds,linux-6.17.0-1022-azure,4,15.6,3.12.14,duckdb_nocache_iceberg,2.0.0.dev2609121639,ok,warm,query,21,0.4967,100,ok,
35732997698-1,2026-09-22T14:23:39Z,https://github.com/djouallah/lakehouse_benchmark/actions/runs/35732997698,947f402,10,tpcds,linux-6.17.0-1022-azure,4,15.6,3.12.14,duckdb_nocache_iceberg,2.0.0.dev2609121639,ok,warm,query,22,2.5559,100,ok,
35732997698-1,2026-09-22T14:23:39Z,https://github.com/djouallah/lakehouse_benchmark/actions/runs/35732997698,947f402,10,tpcds,linux-6.17.0-1022-azure,4,15.6,3.12.14,duckdb_nocache_iceberg,2.0.0.dev2609121639,ok,warm,query,23,8.7508,100,ok,
35732997698-1,2026-09-22T14:23:39Z,https://github.com/djouallah/lakehouse_benchmark/actions/runs/35732997698,947f402,10,tpcds,linux-6.17.0-1022-azure,4,15.6,3.12.14,duckdb_nocache_iceberg,2.0.0.dev2609121639,ok,warm,query,24,2.6536,7,ok,
35732997698-1,2026-09-22T14:23:39Z,https://github.com/djouallah/lakehouse_benchmark/actions/runs/35732997698,947f402,10,tpcds,linux-6.17.0-1022-azure,4,15.6,3.12.14,duckdb_nocache_iceberg,2.0.0.dev2609121639,ok,warm,query,25,2.5915,1,ok,
35732997698-1,2026-09-22T14:23:39Z,https://github.com/djouallah/lakehouse_benchmark/actions/runs/35732997698,947f402,10,tpcds,linux-6.17.0-1022-azure,4,15.6,3.12.14,duckdb_nocache_iceberg,2.0.0.dev2609121639,ok,warm,query,26,1.2836,100,ok,
35732997698-1,2026-09-22T14:23:39Z,https://github.com/djouallah/lakehouse_benchmark/actions/runs/35732997698,947f402,10,tpcds,linux-6.17.0-1022-azure,4,15.6,3.12.14,duckdb_nocache_iceberg,2.0.0.dev2609121639,ok,warm,query,27,4.0408,100,ok,
35732997698-1,2026-09-22T14:23:39Z,https://github.com/djouallah/lakehouse_benchmark/actions/runs/35732997698,947f402,10,tpcds,linux-6.17.0-1022-azure,4,15.6,3.12.14,duckdb_nocache_iceberg,2.0.0.dev2609121639,ok,warm,query,28,7.4721,1,ok,
35732997698-1,2026-09-22T14:23:39Z,https://github.com/djouallah/lakehouse_benchmark/actions/runs/35732997698,947f402,10,tpcds,linux-6.17.0-1022-azure,4,15.6,3.12.14,duckdb_nocache_iceberg,2.0.0.dev2609121639,ok,warm,query,29,4.411,3,ok,
35732997698-1,2026-09-22T14:23:39Z,https://github.com/djouallah/lakehouse_benchmark/actions/runs/35732997698,947f402,10,tpcds,linux-6.17.0-1022-azure,4,15.6,3.12.14,duckdb_nocache_iceberg,2.0.0.dev2609121639,ok,warm,query,30,0.9178,100,ok,
35732997698-1,2026-09-22T14:23:39Z,https://github.com/djouallah/lakehouse_benchmark/actions/runs/35732997698,947f402,10,tpcds,linux-6.17.0-1022-azure,4,15.6,3.12.14,duckdb_nocache_iceberg,2.0.0.dev2609121639,ok,warm,query,31,2.1359,288,ok,
35732997698-1,2026-09-22T14:23:39Z,https://github.com/djouallah/lakehouse_benchmark/actions/runs/35732997698,947f402,10,tpcds,linux-6.17.0-1022-azure,4,15.6,3.12.14,duckdb_nocache_iceberg,2.0.0.dev2609121639,ok,warm,query,32,0.5334,1,ok,
35732997698-1,2026-09-22T14:23:39Z,https://github.com/djouallah/lakehouse_benchmark/actions/runs/35732997698,947f402,10,tpcds,linux-6.17.0-1022-azure,4,15.6,3.12.14,duckdb_nocache_iceberg,2.0.0.dev2609121639,ok,warm,query,33,4.1136,100,ok,
35732997698-1,2026-09-22T14:23:39Z,https://github.com/djouallah/lakehouse_benchmark/actions/runs/35732997698,947f402,10,tpcds,linux-6.17.0-1022-azure,4,15.6,3.12.14,duckdb_nocache_iceberg,2.0.0.dev2609121639,ok,warm,query,34,2.669,1546,ok,
35732997698-1,2026-09-22T14:23:39Z,https://github.com/djouallah/lakehouse_benchmark/actions/runs/35732997698,947f402,10,tpcds,linux-6.17.0-1022-azure,4,15.6,3.12.14,duckdb_nocache_iceberg,2.0.0.dev2609121639,ok,warm,query,35,2.0562,100,ok,
35732997698-1,2026-09-22T14:23:39Z,https://github.com/djouallah/lakehouse_benchmark/actions/runs/35732997698,947f402,10,tpcds,linux-6.17.0-1022-azure,4,15.6,3.12.14,duckdb_nocache_iceberg,2.0.0.dev2609121639,ok,warm,query,36,3.0389,100,ok,
35732997698-1,2026-09-22T14:23:39Z,https://github.com/djouallah/lakehouse_benchmark/actions/runs/35732997698,947f402,10,tpcds,linux-6.17.0-1022-azure,4,15.6,3.12.14,duckdb_nocache_iceberg,2.0.0.dev2609121639,ok,warm,query,37,1.8301,2,ok,
35732997698-1,2026-09-22T14:23:39Z,https://github.com/djouallah/lakehouse_benchmark/actions/runs/35732997698,947f402,10,tpcds,linux-6.17.0-1022-azure,4,15.6,3.12.14,duckdb_nocache_iceberg,2.0.0.dev2609121639,ok,warm,query,38,2.1646,1,ok,
35732997698-1,2026-09-22T14:23:39Z,https://github.com/djouallah/lakehouse_benchmark/actions/runs/35732997698,947f402,10,tpcds,linux-6.17.0-1022-azure,4,15.6,3.12.14,duckdb_nocache_iceberg,2.0.0.dev2609121639,ok,warm,query,39,0.727,2433,ok,
35732997698-1,2026-09-22T14:23:39Z,https://github.com/djouallah/lakehouse_benchmark/actions/runs/35732997698,947f402,10,tpcds,linux-6.17.0-1022-azure,4,15.6,3.12.14,duckdb_nocache_iceberg,2.0.0.dev2609121639,ok,warm,query,40,0.6138,100,ok,
35732997698-1,2026-09-22T14:23:39Z,https://github.com/djouallah/lakehouse_benchmark/actions/runs/35732997698,947f402,10,tpcds,linux-6.17.0-1022-azure,4,15.6,3.12.14,duckdb_nocache_iceberg,2.0.0.dev2609121639,ok,warm,query,41,0.3717,41,ok,
35732997698-1,2026-09-22T14:23:39Z,https://github.com/djouallah/lakehouse_benchmark/actions/runs/35732997698,947f402,10,tpcds,linux-6.17.0-1022-azure,4,15.6,3.12.14,duckdb_nocache_iceberg,2.0.0.dev2609121639,ok,warm,query,42,3.382,11,ok,
35732997698-1,2026-09-22T14:23:39Z,https://github.com/djouallah/lakehouse_benchmark/actions/runs/35732997698,947f402,10,tpcds,linux-6.17.0-1022-azure,4,15.6,3.12.14,duckdb_nocache_iceberg,2.0.0.dev2609121639,ok,warm,query,43,2.9112,17,ok,
35732997698-1,2026-09-22T14:23:39Z,https://github.com/djouallah/lakehouse_benchmark/actions/runs/35732997698,947f402,10,tpcds,linux-6.17.0-1022-azure,4,15.6,3.12.14,duckdb_nocache_iceberg,2.0.0.dev2609121639,ok,warm,query,44,9.2709,10,ok,
35732997698-1,2026-09-22T14:23:39Z,https://github.com/djouallah/lakehouse_benchmark/actions/runs/35732997698,947f402,10,tpcds,linux-6.17.0-1022-azure,4,15.6,3.12.14,duckdb_nocache_iceberg,2.0.0.dev2609121639,ok,warm,query,45,1.559,49,ok,
35732997698-1,2026-09-22T14:23:39Z,https://github.com/djouallah/lakehouse_benchmark/actions/runs/35732997698,947f402,10,tpcds,linux-6.17.0-1022-azure,4,15.6,3.12.14,duckdb_nocache_iceberg,2.0.0.dev2609121639,ok,warm,query,46,3.7715,100,ok,
35732997698-1,2026-09-22T14:23:39Z,https://github.com/djouallah/lakehouse_benchmark/actions/runs/35732997698,947f402,10,tpcds,linux-6.17.0-1022-azure,4,15.6,3.12.14,duckdb_nocache_iceberg,2.0.0.dev2609121639,ok,warm,query,47,2.4122,100,ok,
35732997698-1,2026-09-22T14:23:39Z,https://github.com/djouallah/lakehouse_benchmark/actions/runs/35732997698,947f402,10,tpcds,linux-6.17.0-1022-azure,4,15.6,3.12.14,duckdb_nocache_iceberg,2.0.0.dev2609121639,ok,warm,query,48,3.1754,1,ok,
35732997698-1,2026-09-22T14:23:39Z,https://github.com/djouallah/lakehouse_benchmark/actions/runs/35732997698,947f402,10,tpcds,linux-6.17.0-1022-azure,4,15.6,3.12.14,duckdb_nocache_iceberg,2.0.0.dev2609121639,ok,warm,query,49,4.2367,41,ok,
35732997698-1,2026-09-22T14:23:39Z,https://github.com/djouallah/lakehouse_benchmark/actions/runs/35732997698,947f402,10,tpcds,linux-6.17.0-1022-azure,4,15.6,3.12.14,duckdb_nocache_iceberg,2.0.0.dev2609121639,ok,warm,query,50,2.7168,51,ok,
35732997698-1,2026-09-22T14:23:39Z,https://github.com/djouallah/lakehouse_benchmark/actions/runs/35732997698,947f402,10,tpcds,linux-6.17.0-1022-azure,4,15.6,3.12.14,duckdb_nocache_iceberg,2.0.0.dev2609121639,ok,warm,query,51,4.6298,100,ok,
35732997698-1,2026-09-22T14:23:39Z,https://github.com/djouallah/lakehouse_benchmark/actions/runs/35732997698,947f402,10,tpcds,linux-6.17.0-1022-azure,4,15.6,3.12.14,duckdb_nocache_iceberg,2.0.0.dev2609121639,ok,warm,query,52,2.1759,100,ok,
35732997698-1,2026-09-22T14:23:39Z,https://github.com/djouallah/lakehouse_benchmark/actions/runs/35732997698,947f402,10,tpcds,linux-6.17.0-1022-azure,4,15.6,3.12.14,duckdb_nocache_iceberg,2.0.0.dev2609121639,ok,warm,query,53,2.0075,100,ok,
35732997698-1,2026-09-22T14:23:39Z,https://github.com/djouallah/lakehouse_benchmark/actions/runs/35732997698,947f402,10,tpcds,linux-6.17.0-1022-azure,4,15.6,3.12.14,duckdb_nocache_iceberg,2.0.0.dev2609121639,ok,warm,query,54,4.4897,1,ok,
35732997698-1,2026-09-22T14:23:39Z,https://github.com/djouallah/lakehouse_benchmark/actions/runs/35732997698,947f402,10,tpcds,linux-6.17.0-1022-azure,4,15.6,3.12.14,duckdb_nocache_iceberg,2.0.0.dev2609121639,ok,warm,query,55,2.7509,100,ok,
35732997698-1,2026-09-22T14:23:39Z,https://github.com/djouallah/lakehouse_benchmark/actions/runs/35732997698,947f402,10,tpcds,linux-6.17.0-1022-azure,4,15.6,3.12.14,duckdb_nocache_iceberg,2.0.0.dev2609121639,ok,warm,query,56,3.4218,100,ok,
35732997698-1,2026-09-22T14:23:39Z,https://github.com/djouallah/lakehouse_benchmark/actions/runs/35732997698,947f402,10,tpcds,linux-6.17.0-1022-azure,4,15.6,3.12.14,duckdb_nocache_iceberg,2.0.0.dev2609121639,ok,warm,query,57,0.8602,100,ok,
35732997698-1,2026-09-22T14:23:39Z,https://github.com/djouallah/lakehouse_benchmark/actions/runs/35732997698,947f402,10,tpcds,linux-6.17.0-1022-azure,4,15.6,3.12.14,duckdb_nocache_iceberg,2.0.0.dev2609121639,ok,warm,query,58,3.9768,38,ok,
35732997698-1,2026-09-22T14:23:39Z,https://github.com/djouallah/lakehouse_benchmark/actions/runs/35732997698,947f402,10,tpcds,linux-6.17.0-1022-azure,4,15.6,3.12.14,duckdb_nocache_iceberg,2.0.0.dev2609121639,ok,warm,query,59,2.0621,100,ok,
35732997698-1,2026-09-22T14:23:39Z,https://github.com/djouallah/lakehouse_benchmark/actions/runs/35732997698,947f402,10,tpcds,linux-6.17.0-1022-azure,4,15.6,3.12.14,duckdb_nocache_iceberg,2.0.0.dev2609121639,ok,warm,query,60,3.3499,100,ok,
35732997698-1,2026-09-22T14:23:39Z,https://github.com/djouallah/lakehouse_benchmark/actions/runs/35732997698,947f402,10,tpcds,linux-6.17.0-1022-azure,4,15.6,3.12.14,duckdb_nocache_iceberg,2.0.0.dev2609121639,ok,warm,query,61,5.4571,1,ok,
35732997698-1,2026-09-22T14:23:39Z,https://github.com/djouallah/lakehouse_benchmark/actions/runs/35732997698,947f402,10,tpcds,linux-6.17.0-1022-azure,4,15.6,3.12.14,duckdb_nocache_iceberg,2.0.0.dev2609121639,ok,warm,query,62,0.679,100,ok,
35732997698-1,2026-09-22T14:23:39Z,https://github.com/djouallah/lakehouse_benchmark/actions/runs/35732997698,947f402,10,tpcds,linux-6.17.0-1022-azure,4,15.6,3.12.14,duckdb_nocache_iceberg,2.0.0.dev2609121639,ok,warm,query,63,2.519,100,ok,
35732997698-1,2026-09-22T14:23:39Z,https://github.com/djouallah/lakehouse_benchmark/actions/runs/35732997698,947f402,10,tpcds,linux-6.17.0-1022-azure,4,15.6,3.12.14,duckdb_nocache_iceberg,2.0.0.dev2609121639,ok,warm,query,64,5.8183,33,ok,
35732997698-1,2026-09-22T14:23:39Z,https://github.com/djouallah/lakehouse_benchmark/actions/runs/35732997698,947f402,10,tpcds,linux-6.17.0-1022-azure,4,15.6,3.12.14,duckdb_nocache_iceberg,2.0.0.dev2609121639,ok,warm,query,65,5.9325,100,ok,
35732997698-1,2026-09-22T14:23:39Z,https://github.com/djouallah/lakehouse_benchmark/actions/runs/35732997698,947f402,10,tpcds,linux-6.17.0-1022-azure,4,15.6,3.12.14,duckdb_nocache_iceberg,2.0.0.dev2609121639,ok,warm,query,66,2.2398,10,ok,
35732997698-1,2026-09-22T14:23:39Z,https://github.com/djouallah/lakehouse_benchmark/actions/runs/35732997698,947f402,10,tpcds,linux-6.17.0-1022-azure,4,15.6,3.12.14,duckdb_nocache_iceberg,2.0.0.dev2609121639,ok,warm,query,67,5.9556,100,ok,
35732997698-1,2026-09-22T14:23:39Z,https://github.com/djouallah/lakehouse_benchmark/actions/runs/35732997698,947f402,10,tpcds,linux-6.17.0-1022-azure,4,15.6,3.12.14,duckdb_nocache_iceberg,2.0.0.dev2609121639,ok,warm,query,68,3.7513,100,ok,
35732997698-1,2026-09-22T14:23:39Z,https://github.com/djouallah/lakehouse_benchmark/actions/runs/35732997698,947f402,10,tpcds,linux-6.17.0-1022-azure,4,15.6,3.12.14,duckdb_nocache_iceberg,2.0.0.dev2609121639,ok,warm,query,69,2.3763,100,ok,
35732997698-1,2026-09-22T14:23:39Z,https://github.com/djouallah/lakehouse_benchmark/actions/runs/35732997698,947f402,10,tpcds,linux-6.17.0-1022-azure,4,15.6,3.12.14,duckdb_nocache_iceberg,2.0.0.dev2609121639,ok,warm,query,70,6.5677,8,ok,
35732997698-1,2026-09-22T14:23:39Z,https://github.com/djouallah/lakehouse_benchmark/actions/runs/35732997698,947f402,10,tpcds,linux-6.17.0-1022-azure,4,15.6,3.12.14,duckdb_nocache_iceberg,2.0.0.dev2609121639,ok,warm,query,71,4.3718,9669,ok,
35732997698-1,2026-09-22T14:23:39Z,https://github.com/djouallah/lakehouse_benchmark/actions/runs/35732997698,947f402,10,tpcds,linux-6.17.0-1022-azure,4,15.6,3.12.14,duckdb_nocache_iceberg,2.0.0.dev2609121639,ok,warm,query,72,4.9843,100,ok,
35732997698-1,2026-09-22T14:23:39Z,https://github.com/djouallah/lakehouse_benchmark/actions/runs/35732997698,947f402,10,tpcds,linux-6.17.0-1022-azure,4,15.6,3.12.14,duckdb_nocache_iceberg,2.0.0.dev2609121639,ok,warm,query,73,2.6859,16,ok,
35732997698-1,2026-09-22T14:23:39Z,https://github.com/djouallah/lakehouse_benchmark/actions/runs/35732997698,947f402,10,tpcds,linux-6.17.0-1022-azure,4,15.6,3.12.14,duckdb_nocache_iceberg,2.0.0.dev2609121639,ok,warm,query,74,3.8341,100,ok,
35732997698-1,2026-09-22T14:23:39Z,https://github.com/djouallah/lakehouse_benchmark/actions/runs/35732997698,947f402,10,tpcds,linux-6.17.0-1022-azure,4,15.6,3.12.14,duckdb_nocache_iceberg,2.0.0.dev2609121639,ok,warm,query,75,4.3802,100,ok,
35732997698-1,2026-09-22T14:23:39Z,https://github.com/djouallah/lakehouse_benchmark/actions/runs/35732997698,947f402,10,tpcds,linux-6.17.0-1022-azure,4,15.6,3.12.14,duckdb_nocache_iceberg,2.0.0.dev2609121639,ok,warm,query,76,3.7084,100,ok,
35732997698-1,2026-09-22T14:23:39Z,https://github.com/djouallah/lakehouse_benchmark/actions/runs/35732997698,947f402,10,tpcds,linux-6.17.0-1022-azure,4,15.6,3.12.14,duckdb_nocache_iceberg,2.0.0.dev2609121639,ok,warm,query,77,3.6799,100,ok,
35732997698-1,2026-09-22T14:23:39Z,https://github.com/djouallah/lakehouse_benchmark/actions/runs/35732997698,947f402,10,tpcds,linux-6.17.0-1022-azure,4,15.6,3.12.14,duckdb_nocache_iceberg,2.0.0.dev2609121639,ok,warm,query,78,6.203,100,ok,
35732997698-1,2026-09-22T14:23:39Z,https://github.com/djouallah/lakehouse_benchmark/actions/runs/35732997698,947f402,10,tpcds,linux-6.17.0-1022-azure,4,15.6,3.12.14,duckdb_nocache_iceberg,2.0.0.dev2609121639,ok,warm,query,79,3.3151,100,ok,
35732997698-1,2026-09-22T14:23:39Z,https://github.com/djouallah/lakehouse_benchmark/actions/runs/35732997698,947f402,10,tpcds,linux-6.17.0-1022-azure,4,15.6,3.12.14,duckdb_nocache_iceberg,2.0.0.dev2609121639,ok,warm,query,80,5.1749,100,ok,
35732997698-1,2026-09-22T14:23:39Z,https://github.com/djouallah/lakehouse_benchmark/actions/runs/35732997698,947f402,10,tpcds,linux-6.17.0-1022-azure,4,15.6,3.12.14,duckdb_nocache_iceberg,2.0.0.dev2609121639,ok,warm,query,81,0.8338,100,ok,
35732997698-1,2026-09-22T14:23:39Z,https://github.com/djouallah/lakehouse_benchmark/actions/runs/35732997698,947f402,10,tpcds,linux-6.17.0-1022-azure,4,15.6,3.12.14,duckdb_nocache_iceberg,2.0.0.dev2609121639,ok,warm,query,82,2.4246,6,ok,
35732997698-1,2026-09-22T14:23:39Z,https://github.com/djouallah/lakehouse_benchmark/actions/runs/35732997698,947f402,10,tpcds,linux-6.17.0-1022-azure,4,15.6,3.12.14,duckdb_nocache_iceberg,2.0.0.dev2609121639,ok,warm,query,83,1.21,100,ok,
35732997698-1,2026-09-22T14:23:39Z,https://github.com/djouallah/lakehouse_benchmark/actions/runs/35732997698,947f402,10,tpcds,linux-6.17.0-1022-azure,4,15.6,3.12.14,duckdb_nocache_iceberg,2.0.0.dev2609121639,ok,warm,query,84,0.7078,100,ok,
35732997698-1,2026-09-22T14:23:39Z,https://github.com/djouallah/lakehouse_benchmark/actions/runs/35732997698,947f402,10,tpcds,linux-6.17.0-1022-azure,4,15.6,3.12.14,duckdb_nocache_iceberg,2.0.0.dev2609121639,ok,warm,query,85,2.0788,19,ok,
35732997698-1,2026-09-22T14:23:39Z,https://github.com/djouallah/lakehouse_benchmark/actions/runs/35732997698,947f402,10,tpcds,linux-6.17.0-1022-azure,4,15.6,3.12.14,duckdb_nocache_iceberg,2.0.0.dev2609121639,ok,warm,query,86,0.7357,100,ok,
35732997698-1,2026-09-22T14:23:39Z,https://github.com/djouallah/lakehouse_benchmark/actions/runs/35732997698,947f402,10,tpcds,linux-6.17.0-1022-azure,4,15.6,3.12.14,duckdb_nocache_iceberg,2.0.0.dev2609121639,ok,warm,query,87,2.2334,1,ok,
35732997698-1,2026-09-22T14:23:39Z,https://github.com/djouallah/lakehouse_benchmark/actions/runs/35732997698,947f402,10,tpcds,linux-6.17.0-1022-azure,4,15.6,3.12.14,duckdb_nocache_iceberg,2.0.0.dev2609121639,ok,warm,query,88,17.5876,1,ok,
35732997698-1,2026-09-22T14:23:39Z,https://github.com/djouallah/lakehouse_benchmark/actions/runs/35732997698,947f402,10,tpcds,linux-6.17.0-1022-azure,4,15.6,3.12.14,duckdb_nocache_iceberg,2.0.0.dev2609121639,ok,warm,query,89,2.5222,100,ok,
35732997698-1,2026-09-22T14:23:39Z,https://github.com/djouallah/lakehouse_benchmark/actions/runs/35732997698,947f402,10,tpcds,linux-6.17.0-1022-azure,4,15.6,3.12.14,duckdb_nocache_iceberg,2.0.0.dev2609121639,ok,warm,query,90,2.1048,1,ok,
35732997698-1,2026-09-22T14:23:39Z,https://github.com/djouallah/lakehouse_benchmark/actions/runs/35732997698,947f402,10,tpcds,linux-6.17.0-1022-azure,4,15.6,3.12.14,duckdb_nocache_iceberg,2.0.0.dev2609121639,ok,warm,query,91,0.9421,16,ok,
35732997698-1,2026-09-22T14:23:39Z,https://github.com/djouallah/lakehouse_benchmark/actions/runs/35732997698,947f402,10,tpcds,linux-6.17.0-1022-azure,4,15.6,3.12.14,duckdb_nocache_iceberg,2.0.0.dev2609121639,ok,warm,query,92,1.5635,1,ok,
35732997698-1,2026-09-22T14:23:39Z,https://github.com/djouallah/lakehouse_benchmark/actions/runs/35732997698,947f402,10,tpcds,linux-6.17.0-1022-azure,4,15.6,3.12.14,duckdb_nocache_iceberg,2.0.0.dev2609121639,ok,warm,query,93,1.9504,100,ok,
35732997698-1,2026-09-22T14:23:39Z,https://github.com/djouallah/lakehouse_benchmark/actions/runs/35732997698,947f402,10,tpcds,linux-6.17.0-1022-azure,4,15.6,3.12.14,duckdb_nocache_iceberg,2.0.0.dev2609121639,ok,warm,query,94,1.8656,1,ok,
35732997698-1,2026-09-22T14:23:39Z,https://github.com/djouallah/lakehouse_benchmark/actions/runs/35732997698,947f402,10,tpcds,linux-6.17.0-1022-azure,4,15.6,3.12.14,duckdb_nocache_iceberg,2.0.0.dev2609121639,ok,warm,query,95,4.3374,1,ok,
35732997698-1,2026-09-22T14:23:39Z,https://github.com/djouallah/lakehouse_benchmark/actions/runs/35732997698,947f402,10,tpcds,linux-6.17.0-1022-azure,4,15.6,3.12.14,duckdb_nocache_iceberg,2.0.0.dev2609121639,ok,warm,query,96,3.1314,1,ok,
35732997698-1,2026-09-22T14:23:39Z,https://github.com/djouallah/lakehouse_benchmark/actions/runs/35732997698,947f402,10,tpcds,linux-6.17.0-1022-azure,4,15.6,3.12.14,duckdb_nocache_iceberg,2.0.0.dev2609121639,ok,warm,query,97,2.9299,1,ok,
35732997698-1,2026-09-22T14:23:39Z,https://github.com/djouallah/lakehouse_benchmark/actions/runs/35732997698,947f402,10,tpcds,linux-6.17.0-1022-azure,4,15.6,3.12.14,duckdb_nocache_iceberg,2.0.0.dev2609121639,ok,warm,query,98,2.0017,15080,ok,
35732997698-1,2026-09-22T14:23:39Z,https://github.com/djouallah/lakehouse_benchmark/actions/runs/35732997698,947f402,10,tpcds,linux-6.17.0-1022-azure,4,15.6,3.12.14,duckdb_nocache_iceberg,2.0.0.dev2609121639,ok,warm,query,99,0.6172,100,ok,
35732997698-1,2026-09-22T14:23:39Z,https://github.com/djouallah/lakehouse_benchmark/actions/runs/35732997698,947f402,10,tpcds,linux-6.17.0-1022-azure,4,15.6,3.12.14,lakesail_iceberg,0.7.1,ok,cold,setup,0,1.7527,,ok,
35732997698-1,2026-09-22T14:23:39Z,https://github.com/djouallah/lakehouse_benchmark/actions/runs/35732997698,947f402,10,tpcds,linux-6.17.0-1022-azure,4,15.6,3.12.14,lakesail_iceberg,0.7.1,ok,cold,query,1,15.4023,100,ok,
35732997698-1,2026-09-22T14:23:39Z,https://github.com/djouallah/lakehouse_benchmark/actions/runs/35732997698,947f402,10,tpcds,linux-6.17.0-1022-azure,4,15.6,3.12.14,lakesail_iceberg,0.7.1,ok,cold,query,2,17.1245,2513,ok,
35732997698-1,2026-09-22T14:23:39Z,https://github.com/djouallah/lakehouse_benchmark/actions/runs/35732997698,947f402,10,tpcds,linux-6.17.0-1022-azure,4,15.6,3.12.14,lakesail_iceberg,0.7.1,ok,cold,query,3,11.4956,100,ok,
35732997698-1,2026-09-22T14:23:39Z,https://github.com/djouallah/lakehouse_benchmark/actions/runs/35732997698,947f402,10,tpcds,linux-6.17.0-1022-azure,4,15.6,3.12.14,lakesail_iceberg,0.7.1,ok,cold,query,4,37.616,100,ok,
35732997698-1,2026-09-22T14:23:39Z,https://github.com/djouallah/lakehouse_benchmark/actions/runs/35732997698,947f402,10,tpcds,linux-6.17.0-1022-azure,4,15.6,3.12.14,lakesail_iceberg,0.7.1,ok,cold,query,5,50.8297,100,ok,
35732997698-1,2026-09-22T14:23:39Z,https://github.com/djouallah/lakehouse_benchmark/actions/runs/35732997698,947f402,10,tpcds,linux-6.17.0-1022-azure,4,15.6,3.12.14,lakesail_iceberg,0.7.1,ok,cold,query,6,21.5031,51,ok,
35732997698-1,2026-09-22T14:23:39Z,https://github.com/djouallah/lakehouse_benchmark/actions/runs/35732997698,947f402,10,tpcds,linux-6.17.0-1022-azure,4,15.6,3.12.14,lakesail_iceberg,0.7.1,ok,cold,query,7,20.5899,100,ok,
35732997698-1,2026-09-22T14:23:39Z,https://github.com/djouallah/lakehouse_benchmark/actions/runs/35732997698,947f402,10,tpcds,linux-6.17.0-1022-azure,4,15.6,3.12.14,lakesail_iceberg,0.7.1,ok,cold,query,8,25.8546,9,ok,
35732997698-1,2026-09-22T14:23:39Z,https://github.com/djouallah/lakehouse_benchmark/actions/runs/35732997698,947f402,10,tpcds,linux-6.17.0-1022-azure,4,15.6,3.12.14,lakesail_iceberg,0.7.1,ok,cold,query,9,24.0074,1,ok,
35732997698-1,2026-09-22T14:23:39Z,https://github.com/djouallah/lakehouse_benchmark/actions/runs/35732997698,947f402,10,tpcds,linux-6.17.0-1022-azure,4,15.6,3.12.14,lakesail_iceberg,0.7.1,ok,cold,query,10,32.2274,100,ok,
35732997698-1,2026-09-22T14:23:39Z,https://github.com/djouallah/lakehouse_benchmark/actions/runs/35732997698,947f402,10,tpcds,linux-6.17.0-1022-azure,4,15.6,3.12.14,lakesail_iceberg,0.7.1,ok,cold,query,11,29.1925,100,ok,
35732997698-1,2026-09-22T14:23:39Z,https://github.com/djouallah/lakehouse_benchmark/actions/runs/35732997698,947f402,10,tpcds,linux-6.17.0-1022-azure,4,15.6,3.12.14,lakesail_iceberg,0.7.1,ok,cold,query,12,28.6077,100,ok,
35732997698-1,2026-09-22T14:23:39Z,https://github.com/djouallah/lakehouse_benchmark/actions/runs/35732997698,947f402,10,tpcds,linux-6.17.0-1022-azure,4,15.6,3.12.14,lakesail_iceberg,0.7.1,ok,cold,query,13,26.631,1,ok,
35732997698-1,2026-09-22T14:23:39Z,https://github.com/djouallah/lakehouse_benchmark/actions/runs/35732997698,947f402,10,tpcds,linux-6.17.0-1022-azure,4,15.6,3.12.14,lakesail_iceberg,0.7.1,ok,cold,query,14,60.876,100,ok,
35732997698-1,2026-09-22T14:23:39Z,https://github.com/djouallah/lakehouse_benchmark/actions/runs/35732997698,947f402,10,tpcds,linux-6.17.0-1022-azure,4,15.6,3.12.14,lakesail_iceberg,0.7.1,ok,cold,query,15,6.3985,100,ok,
35732997698-1,2026-09-22T14:23:39Z,https://github.com/djouallah/lakehouse_benchmark/actions/runs/35732997698,947f402,10,tpcds,linux-6.17.0-1022-azure,4,15.6,3.12.14,lakesail_iceberg,0.7.1,ok,cold,query,16,,,error,"IllegalArgumentException: invalid argument: found ""order count"" at 54:67 expected identifier, or '('"
35732997698-1,2026-09-22T14:23:39Z,https://github.com/djouallah/lakehouse_benchmark/actions/runs/35732997698,947f402,10,tpcds,linux-6.17.0-1022-azure,4,15.6,3.12.14,lakesail_iceberg,0.7.1,ok,cold,query,17,27.9848,0,ok,
35732997698-1,2026-09-22T14:23:39Z,https://github.com/djouallah/lakehouse_benchmark/actions/runs/35732997698,947f402,10,tpcds,linux-6.17.0-1022-azure,4,15.6,3.12.14,lakesail_iceberg,0.7.1,ok,cold,query,18,21.171,100,ok,
35732997698-1,2026-09-22T14:23:39Z,https://github.com/djouallah/lakehouse_benchmark/actions/runs/35732997698,947f402,10,tpcds,linux-6.17.0-1022-azure,4,15.6,3.12.14,lakesail_iceberg,0.7.1,ok,cold,query,19,22.6826,100,ok,
35732997698-1,2026-09-22T14:23:39Z,https://github.com/djouallah/lakehouse_benchmark/actions/runs/35732997698,947f402,10,tpcds,linux-6.17.0-1022-azure,4,15.6,3.12.14,lakesail_iceberg,0.7.1,ok,cold,query,20,8.8964,100,ok,
35732997698-1,2026-09-22T14:23:39Z,https://github.com/djouallah/lakehouse_benchmark/actions/runs/35732997698,947f402,10,tpcds,linux-6.17.0-1022-azure,4,15.6,3.12.14,lakesail_iceberg,0.7.1,ok,cold,query,21,66.1001,100,ok,
35732997698-1,2026-09-22T14:23:39Z,https://github.com/djouallah/lakehouse_benchmark/actions/runs/35732997698,947f402,10,tpcds,linux-6.17.0-1022-azure,4,15.6,3.12.14,lakesail_iceberg,0.7.1,ok,cold,query,22,16.8859,100,ok,
35732997698-1,2026-09-22T14:23:39Z,https://github.com/djouallah/lakehouse_benchmark/actions/runs/35732997698,947f402,10,tpcds,linux-6.17.0-1022-azure,4,15.6,3.12.14,lakesail_iceberg,0.7.1,ok,cold,query,23,37.9324,100,ok,
35732997698-1,2026-09-22T14:23:39Z,https://github.com/djouallah/lakehouse_benchmark/actions/runs/35732997698,947f402,10,tpcds,linux-6.17.0-1022-azure,4,15.6,3.12.14,lakesail_iceberg,0.7.1,ok,cold,query,24,29.1575,7,ok,
35732997698-1,2026-09-22T14:23:39Z,https://github.com/djouallah/lakehouse_benchmark/actions/runs/35732997698,947f402,10,tpcds,linux-6.17.0-1022-azure,4,15.6,3.12.14,lakesail_iceberg,0.7.1,ok,cold,query,25,23.507,1,ok,
35732997698-1,2026-09-22T14:23:39Z,https://github.com/djouallah/lakehouse_benchmark/actions/runs/35732997698,947f402,10,tpcds,linux-6.17.0-1022-azure,4,15.6,3.12.14,lakesail_iceberg,0.7.1,ok,cold,query,26,16.5991,100,ok,
35732997698-1,2026-09-22T14:23:39Z,https://github.com/djouallah/lakehouse_benchmark/actions/runs/35732997698,947f402,10,tpcds,linux-6.17.0-1022-azure,4,15.6,3.12.14,lakesail_iceberg,0.7.1,ok,cold,query,27,26.3943,100,ok,
35732997698-1,2026-09-22T14:23:39Z,https://github.com/djouallah/lakehouse_benchmark/actions/runs/35732997698,947f402,10,tpcds,linux-6.17.0-1022-azure,4,15.6,3.12.14,lakesail_iceberg,0.7.1,ok,cold,query,28,13.895,1,ok,
35732997698-1,2026-09-22T14:23:39Z,https://github.com/djouallah/lakehouse_benchmark/actions/runs/35732997698,947f402,10,tpcds,linux-6.17.0-1022-azure,4,15.6,3.12.14,lakesail_iceberg,0.7.1,ok,cold,query,29,32.3273,3,ok,
35732997698-1,2026-09-22T14:23:39Z,https://github.com/djouallah/lakehouse_benchmark/actions/runs/35732997698,947f402,10,tpcds,linux-6.17.0-1022-azure,4,15.6,3.12.14,lakesail_iceberg,0.7.1,ok,cold,query,30,6.1914,100,ok,
35732997698-1,2026-09-22T14:23:39Z,https://github.com/djouallah/lakehouse_benchmark/actions/runs/35732997698,947f402,10,tpcds,linux-6.17.0-1022-azure,4,15.6,3.12.14,lakesail_iceberg,0.7.1,ok,cold,query,31,37.3478,288,ok,
35732997698-1,2026-09-22T14:23:39Z,https://github.com/djouallah/lakehouse_benchmark/actions/runs/35732997698,947f402,10,tpcds,linux-6.17.0-1022-azure,4,15.6,3.12.14,lakesail_iceberg,0.7.1,ok,cold,query,32,,,error,"IllegalArgumentException: invalid argument: found ""excess discount amount"" at 47:71 expected identifier, or '('"
35732997698-1,2026-09-22T14:23:39Z,https://github.com/djouallah/lakehouse_benchmark/actions/runs/35732997698,947f402,10,tpcds,linux-6.17.0-1022-azure,4,15.6,3.12.14,lakesail_iceberg,0.7.1,ok,cold,query,33,21.5335,100,ok,
35732997698-1,2026-09-22T14:23:39Z,https://github.com/djouallah/lakehouse_benchmark/actions/runs/35732997698,947f402,10,tpcds,linux-6.17.0-1022-azure,4,15.6,3.12.14,lakesail_iceberg,0.7.1,ok,cold,query,34,19.2003,1546,ok,
35732997698-1,2026-09-22T14:23:39Z,https://github.com/djouallah/lakehouse_benchmark/actions/runs/35732997698,947f402,10,tpcds,linux-6.17.0-1022-azure,4,15.6,3.12.14,lakesail_iceberg,0.7.1,ok,cold,query,35,21.8912,100,ok,
35732997698-1,2026-09-22T14:23:39Z,https://github.com/djouallah/lakehouse_benchmark/actions/runs/35732997698,947f402,10,tpcds,linux-6.17.0-1022-azure,4,15.6,3.12.14,lakesail_iceberg,0.7.1,ok,cold,query,36,20.726,100,ok,
35732997698-1,2026-09-22T14:23:39Z,https://github.com/djouallah/lakehouse_benchmark/actions/runs/35732997698,947f402,10,tpcds,linux-6.17.0-1022-azure,4,15.6,3.12.14,lakesail_iceberg,0.7.1,ok,cold,query,37,67.8818,2,ok,
35732997698-1,2026-09-22T14:23:39Z,https://github.com/djouallah/lakehouse_benchmark/actions/runs/35732997698,947f402,10,tpcds,linux-6.17.0-1022-azure,4,15.6,3.12.14,lakesail_iceberg,0.7.1,ok,cold,query,38,19.296,1,ok,
35732997698-1,2026-09-22T14:23:39Z,https://github.com/djouallah/lakehouse_benchmark/actions/runs/35732997698,947f402,10,tpcds,linux-6.17.0-1022-azure,4,15.6,3.12.14,lakesail_iceberg,0.7.1,ok,cold,query,39,64.7945,2433,ok,
35732997698-1,2026-09-22T14:23:39Z,https://github.com/djouallah/lakehouse_benchmark/actions/runs/35732997698,947f402,10,tpcds,linux-6.17.0-1022-azure,4,15.6,3.12.14,lakesail_iceberg,0.7.1,ok,cold,query,40,17.0466,100,ok,
35732997698-1,2026-09-22T14:23:39Z,https://github.com/djouallah/lakehouse_benchmark/actions/runs/35732997698,947f402,10,tpcds,linux-6.17.0-1022-azure,4,15.6,3.12.14,lakesail_iceberg,0.7.1,ok,cold,query,41,2.0223,41,ok,
35732997698-1,2026-09-22T14:23:39Z,https://github.com/djouallah/lakehouse_benchmark/actions/runs/35732997698,947f402,10,tpcds,linux-6.17.0-1022-azure,4,15.6,3.12.14,lakesail_iceberg,0.7.1,ok,cold,query,42,11.4645,11,ok,
35732997698-1,2026-09-22T14:23:39Z,https://github.com/djouallah/lakehouse_benchmark/actions/runs/35732997698,947f402,10,tpcds,linux-6.17.0-1022-azure,4,15.6,3.12.14,lakesail_iceberg,0.7.1,ok,cold,query,43,18.9189,17,ok,
35732997698-1,2026-09-22T14:23:39Z,https://github.com/djouallah/lakehouse_benchmark/actions/runs/35732997698,947f402,10,tpcds,linux-6.17.0-1022-azure,4,15.6,3.12.14,lakesail_iceberg,0.7.1,ok,cold,query,44,34.0488,10,ok,
35732997698-1,2026-09-22T14:23:39Z,https://github.com/djouallah/lakehouse_benchmark/actions/runs/35732997698,947f402,10,tpcds,linux-6.17.0-1022-azure,4,15.6,3.12.14,lakesail_iceberg,0.7.1,ok,cold,query,45,12.7039,49,ok,
35732997698-1,2026-09-22T14:23:39Z,https://github.com/djouallah/lakehouse_benchmark/actions/runs/35732997698,947f402,10,tpcds,linux-6.17.0-1022-azure,4,15.6,3.12.14,lakesail_iceberg,0.7.1,ok,cold,query,46,22.2694,100,ok,
35732997698-1,2026-09-22T14:23:39Z,https://github.com/djouallah/lakehouse_benchmark/actions/runs/35732997698,947f402,10,tpcds,linux-6.17.0-1022-azure,4,15.6,3.12.14,lakesail_iceberg,0.7.1,ok,cold,query,47,47.1549,100,ok,
35732997698-1,2026-09-22T14:23:39Z,https://github.com/djouallah/lakehouse_benchmark/actions/runs/35732997698,947f402,10,tpcds,linux-6.17.0-1022-azure,4,15.6,3.12.14,lakesail_iceberg,0.7.1,ok,cold,query,48,25.7475,1,ok,
35732997698-1,2026-09-22T14:23:39Z,https://github.com/djouallah/lakehouse_benchmark/actions/runs/35732997698,947f402,10,tpcds,linux-6.17.0-1022-azure,4,15.6,3.12.14,lakesail_iceberg,0.7.1,ok,cold,query,49,27.4831,41,ok,
35732997698-1,2026-09-22T14:23:39Z,https://github.com/djouallah/lakehouse_benchmark/actions/runs/35732997698,947f402,10,tpcds,linux-6.17.0-1022-azure,4,15.6,3.12.14,lakesail_iceberg,0.7.1,ok,cold,query,50,,,error,"IllegalArgumentException: invalid argument: found ""30 days"" at 337:346 expected identifier, or '('"
35732997698-1,2026-09-22T14:23:39Z,https://github.com/djouallah/lakehouse_benchmark/actions/runs/35732997698,947f402,10,tpcds,linux-6.17.0-1022-azure,4,15.6,3.12.14,lakesail_iceberg,0.7.1,ok,cold,query,51,18.0154,100,ok,
35732997698-1,2026-09-22T14:23:39Z,https://github.com/djouallah/lakehouse_benchmark/actions/runs/35732997698,947f402,10,tpcds,linux-6.17.0-1022-azure,4,15.6,3.12.14,lakesail_iceberg,0.7.1,ok,cold,query,52,13.4749,100,ok,
35732997698-1,2026-09-22T14:23:39Z,https://github.com/djouallah/lakehouse_benchmark/actions/runs/35732997698,947f402,10,tpcds,linux-6.17.0-1022-azure,4,15.6,3.12.14,lakesail_iceberg,0.7.1,ok,cold,query,53,19.3946,100,ok,
35732997698-1,2026-09-22T14:23:39Z,https://github.com/djouallah/lakehouse_benchmark/actions/runs/35732997698,947f402,10,tpcds,linux-6.17.0-1022-azure,4,15.6,3.12.14,lakesail_iceberg,0.7.1,ok,cold,query,54,24.7492,1,ok,
35732997698-1,2026-09-22T14:23:39Z,https://github.com/djouallah/lakehouse_benchmark/actions/runs/35732997698,947f402,10,tpcds,linux-6.17.0-1022-azure,4,15.6,3.12.14,lakesail_iceberg,0.7.1,ok,cold,query,55,18.3695,100,ok,
35732997698-1,2026-09-22T14:23:39Z,https://github.com/djouallah/lakehouse_benchmark/actions/runs/35732997698,947f402,10,tpcds,linux-6.17.0-1022-azure,4,15.6,3.12.14,lakesail_iceberg,0.7.1,ok,cold,query,56,22.3916,100,ok,
35732997698-1,2026-09-22T14:23:39Z,https://github.com/djouallah/lakehouse_benchmark/actions/runs/35732997698,947f402,10,tpcds,linux-6.17.0-1022-azure,4,15.6,3.12.14,lakesail_iceberg,0.7.1,ok,cold,query,57,13.0678,100,ok,
35732997698-1,2026-09-22T14:23:39Z,https://github.com/djouallah/lakehouse_benchmark/actions/runs/35732997698,947f402,10,tpcds,linux-6.17.0-1022-azure,4,15.6,3.12.14,lakesail_iceberg,0.7.1,ok,cold,query,58,49.3576,38,ok,
35732997698-1,2026-09-22T14:23:39Z,https://github.com/djouallah/lakehouse_benchmark/actions/runs/35732997698,947f402,10,tpcds,linux-6.17.0-1022-azure,4,15.6,3.12.14,lakesail_iceberg,0.7.1,ok,cold,query,59,20.6532,100,ok,
35732997698-1,2026-09-22T14:23:39Z,https://github.com/djouallah/lakehouse_benchmark/actions/runs/35732997698,947f402,10,tpcds,linux-6.17.0-1022-azure,4,15.6,3.12.14,lakesail_iceberg,0.7.1,ok,cold,query,60,21.4016,100,ok,
35732997698-1,2026-09-22T14:23:39Z,https://github.com/djouallah/lakehouse_benchmark/actions/runs/35732997698,947f402,10,tpcds,linux-6.17.0-1022-azure,4,15.6,3.12.14,lakesail_iceberg,0.7.1,ok,cold,query,61,48.3985,1,ok,
35732997698-1,2026-09-22T14:23:39Z,https://github.com/djouallah/lakehouse_benchmark/actions/runs/35732997698,947f402,10,tpcds,linux-6.17.0-1022-azure,4,15.6,3.12.14,lakesail_iceberg,0.7.1,ok,cold,query,62,,,error,"IllegalArgumentException: invalid argument: found ""30 days"" at 188:197 expected identifier, or '('"
35732997698-1,2026-09-22T14:23:39Z,https://github.com/djouallah/lakehouse_benchmark/actions/runs/35732997698,947f402,10,tpcds,linux-6.17.0-1022-azure,4,15.6,3.12.14,lakesail_iceberg,0.7.1,ok,cold,query,63,19.7459,100,ok,
35732997698-1,2026-09-22T14:23:39Z,https://github.com/djouallah/lakehouse_benchmark/actions/runs/35732997698,947f402,10,tpcds,linux-6.17.0-1022-azure,4,15.6,3.12.14,lakesail_iceberg,0.7.1,ok,cold,query,64,49.3587,33,ok,
35732997698-1,2026-09-22T14:23:39Z,https://github.com/djouallah/lakehouse_benchmark/actions/runs/35732997698,947f402,10,tpcds,linux-6.17.0-1022-azure,4,15.6,3.12.14,lakesail_iceberg,0.7.1,ok,cold,query,65,30.8632,100,ok,
35732997698-1,2026-09-22T14:23:39Z,https://github.com/djouallah/lakehouse_benchmark/actions/runs/35732997698,947f402,10,tpcds,linux-6.17.0-1022-azure,4,15.6,3.12.14,lakesail_iceberg,0.7.1,ok,cold,query,66,18.5738,10,ok,
35732997698-1,2026-09-22T14:23:39Z,https://github.com/djouallah/lakehouse_benchmark/actions/runs/35732997698,947f402,10,tpcds,linux-6.17.0-1022-azure,4,15.6,3.12.14,lakesail_iceberg,0.7.1,ok,cold,query,67,31.2529,100,ok,
35732997698-1,2026-09-22T14:23:39Z,https://github.com/djouallah/lakehouse_benchmark/actions/runs/35732997698,947f402,10,tpcds,linux-6.17.0-1022-azure,4,15.6,3.12.14,lakesail_iceberg,0.7.1,ok,cold,query,68,29.2547,100,ok,
35732997698-1,2026-09-22T14:23:39Z,https://github.com/djouallah/lakehouse_benchmark/actions/runs/35732997698,947f402,10,tpcds,linux-6.17.0-1022-azure,4,15.6,3.12.14,lakesail_iceberg,0.7.1,ok,cold,query,69,29.8448,100,ok,
35732997698-1,2026-09-22T14:23:39Z,https://github.com/djouallah/lakehouse_benchmark/actions/runs/35732997698,947f402,10,tpcds,linux-6.17.0-1022-azure,4,15.6,3.12.14,lakesail_iceberg,0.7.1,ok,cold,query,70,42.2782,8,ok,
35732997698-1,2026-09-22T14:23:39Z,https://github.com/djouallah/lakehouse_benchmark/actions/runs/35732997698,947f402,10,tpcds,linux-6.17.0-1022-azure,4,15.6,3.12.14,lakesail_iceberg,0.7.1,ok,cold,query,71,,,error,"SparkRuntimeException: Physical input schema should be the same as the one converted from logical input schema. Differences: 
	- field metadata at index 2 [#84]: (physical) {""PARQUET:field_id"": ""16""} vs (logical) {}"
35732997698-1,2026-09-22T14:23:39Z,https://github.com/djouallah/lakehouse_benchmark/actions/runs/35732997698,947f402,10,tpcds,linux-6.17.0-1022-azure,4,15.6,3.12.14,lakesail_iceberg,0.7.1,ok,cold,query,72,42.2987,100,ok,
35732997698-1,2026-09-22T14:23:39Z,https://github.com/djouallah/lakehouse_benchmark/actions/runs/35732997698,947f402,10,tpcds,linux-6.17.0-1022-azure,4,15.6,3.12.14,lakesail_iceberg,0.7.1,ok,cold,query,73,25.3055,16,ok,
35732997698-1,2026-09-22T14:23:39Z,https://github.com/djouallah/lakehouse_benchmark/actions/runs/35732997698,947f402,10,tpcds,linux-6.17.0-1022-azure,4,15.6,3.12.14,lakesail_iceberg,0.7.1,ok,cold,query,74,25.506,100,ok,
35732997698-1,2026-09-22T14:23:39Z,https://github.com/djouallah/lakehouse_benchmark/actions/runs/35732997698,947f402,10,tpcds,linux-6.17.0-1022-azure,4,15.6,3.12.14,lakesail_iceberg,0.7.1,ok,cold,query,75,32.1845,100,ok,
35732997698-1,2026-09-22T14:23:39Z,https://github.com/djouallah/lakehouse_benchmark/actions/runs/35732997698,947f402,10,tpcds,linux-6.17.0-1022-azure,4,15.6,3.12.14,lakesail_iceberg,0.7.1,ok,cold,query,76,17.8291,100,ok,
35732997698-1,2026-09-22T14:23:39Z,https://github.com/djouallah/lakehouse_benchmark/actions/runs/35732997698,947f402,10,tpcds,linux-6.17.0-1022-azure,4,15.6,3.12.14,lakesail_iceberg,0.7.1,ok,cold,query,77,36.1845,100,ok,
35732997698-1,2026-09-22T14:23:39Z,https://github.com/djouallah/lakehouse_benchmark/actions/runs/35732997698,947f402,10,tpcds,linux-6.17.0-1022-azure,4,15.6,3.12.14,lakesail_iceberg,0.7.1,ok,cold,query,78,33.7612,100,ok,
35732997698-1,2026-09-22T14:23:39Z,https://github.com/djouallah/lakehouse_benchmark/actions/runs/35732997698,947f402,10,tpcds,linux-6.17.0-1022-azure,4,15.6,3.12.14,lakesail_iceberg,0.7.1,ok,cold,query,79,21.2203,100,ok,
35732997698-1,2026-09-22T14:23:39Z,https://github.com/djouallah/lakehouse_benchmark/actions/runs/35732997698,947f402,10,tpcds,linux-6.17.0-1022-azure,4,15.6,3.12.14,lakesail_iceberg,0.7.1,ok,cold,query,80,32.3169,100,ok,
35732997698-1,2026-09-22T14:23:39Z,https://github.com/djouallah/lakehouse_benchmark/actions/runs/35732997698,947f402,10,tpcds,linux-6.17.0-1022-azure,4,15.6,3.12.14,lakesail_iceberg,0.7.1,ok,cold,query,81,6.2131,100,ok,
35732997698-1,2026-09-22T14:23:39Z,https://github.com/djouallah/lakehouse_benchmark/actions/runs/35732997698,947f402,10,tpcds,linux-6.17.0-1022-azure,4,15.6,3.12.14,lakesail_iceberg,0.7.1,ok,cold,query,82,45.6942,6,ok,
35732997698-1,2026-09-22T14:23:39Z,https://github.com/djouallah/lakehouse_benchmark/actions/runs/35732997698,947f402,10,tpcds,linux-6.17.0-1022-azure,4,15.6,3.12.14,lakesail_iceberg,0.7.1,ok,cold,query,83,15.1399,100,ok,
35732997698-1,2026-09-22T14:23:39Z,https://github.com/djouallah/lakehouse_benchmark/actions/runs/35732997698,947f402,10,tpcds,linux-6.17.0-1022-azure,4,15.6,3.12.14,lakesail_iceberg,0.7.1,ok,cold,query,84,7.8753,100,ok,
35732997698-1,2026-09-22T14:23:39Z,https://github.com/djouallah/lakehouse_benchmark/actions/runs/35732997698,947f402,10,tpcds,linux-6.17.0-1022-azure,4,15.6,3.12.14,lakesail_iceberg,0.7.1,ok,cold,query,85,18.0338,19,ok,
35732997698-1,2026-09-22T14:23:39Z,https://github.com/djouallah/lakehouse_benchmark/actions/runs/35732997698,947f402,10,tpcds,linux-6.17.0-1022-azure,4,15.6,3.12.14,lakesail_iceberg,0.7.1,ok,cold,query,86,5.5264,100,ok,
35732997698-1,2026-09-22T14:23:39Z,https://github.com/djouallah/lakehouse_benchmark/actions/runs/35732997698,947f402,10,tpcds,linux-6.17.0-1022-azure,4,15.6,3.12.14,lakesail_iceberg,0.7.1,ok,cold,query,87,18.4628,1,ok,
35732997698-1,2026-09-22T14:23:39Z,https://github.com/djouallah/lakehouse_benchmark/actions/runs/35732997698,947f402,10,tpcds,linux-6.17.0-1022-azure,4,15.6,3.12.14,lakesail_iceberg,0.7.1,ok,cold,query,88,36.6824,1,ok,
35732997698-1,2026-09-22T14:23:39Z,https://github.com/djouallah/lakehouse_benchmark/actions/runs/35732997698,947f402,10,tpcds,linux-6.17.0-1022-azure,4,15.6,3.12.14,lakesail_iceberg,0.7.1,ok,cold,query,89,19.8512,100,ok,
35732997698-1,2026-09-22T14:23:39Z,https://github.com/djouallah/lakehouse_benchmark/actions/runs/35732997698,947f402,10,tpcds,linux-6.17.0-1022-azure,4,15.6,3.12.14,lakesail_iceberg,0.7.1,ok,cold,query,90,10.7046,1,ok,
35732997698-1,2026-09-22T14:23:39Z,https://github.com/djouallah/lakehouse_benchmark/actions/runs/35732997698,947f402,10,tpcds,linux-6.17.0-1022-azure,4,15.6,3.12.14,lakesail_iceberg,0.7.1,ok,cold,query,91,11.9247,16,ok,
35732997698-1,2026-09-22T14:23:39Z,https://github.com/djouallah/lakehouse_benchmark/actions/runs/35732997698,947f402,10,tpcds,linux-6.17.0-1022-azure,4,15.6,3.12.14,lakesail_iceberg,0.7.1,ok,cold,query,92,,,error,"IllegalArgumentException: invalid argument: found ""Excess Discount Amount"" at 47:71 expected identifier, or '('"
35732997698-1,2026-09-22T14:23:39Z,https://github.com/djouallah/lakehouse_benchmark/actions/runs/35732997698,947f402,10,tpcds,linux-6.17.0-1022-azure,4,15.6,3.12.14,lakesail_iceberg,0.7.1,ok,cold,query,93,12.8066,100,ok,
35732997698-1,2026-09-22T14:23:39Z,https://github.com/djouallah/lakehouse_benchmark/actions/runs/35732997698,947f402,10,tpcds,linux-6.17.0-1022-azure,4,15.6,3.12.14,lakesail_iceberg,0.7.1,ok,cold,query,94,,,error,"IllegalArgumentException: invalid argument: found ""order count"" at 54:67 expected identifier, or '('"
35732997698-1,2026-09-22T14:23:39Z,https://github.com/djouallah/lakehouse_benchmark/actions/runs/35732997698,947f402,10,tpcds,linux-6.17.0-1022-azure,4,15.6,3.12.14,lakesail_iceberg,0.7.1,ok,cold,query,95,,,error,"IllegalArgumentException: invalid argument: found ""order count"" at 331:344 expected identifier, or '('"
35732997698-1,2026-09-22T14:23:39Z,https://github.com/djouallah/lakehouse_benchmark/actions/runs/35732997698,947f402,10,tpcds,linux-6.17.0-1022-azure,4,15.6,3.12.14,lakesail_iceberg,0.7.1,ok,cold,query,96,18.0647,1,ok,
35732997698-1,2026-09-22T14:23:39Z,https://github.com/djouallah/lakehouse_benchmark/actions/runs/35732997698,947f402,10,tpcds,linux-6.17.0-1022-azure,4,15.6,3.12.14,lakesail_iceberg,0.7.1,ok,cold,query,97,13.2232,1,ok,
35732997698-1,2026-09-22T14:23:39Z,https://github.com/djouallah/lakehouse_benchmark/actions/runs/35732997698,947f402,10,tpcds,linux-6.17.0-1022-azure,4,15.6,3.12.14,lakesail_iceberg,0.7.1,ok,cold,query,98,12.4063,15080,ok,
35732997698-1,2026-09-22T14:23:39Z,https://github.com/djouallah/lakehouse_benchmark/actions/runs/35732997698,947f402,10,tpcds,linux-6.17.0-1022-azure,4,15.6,3.12.14,lakesail_iceberg,0.7.1,ok,cold,query,99,,,error,"IllegalArgumentException: invalid argument: found ""30 days"" at 211:220 expected identifier, or '('"
35732997698-1,2026-09-22T14:23:39Z,https://github.com/djouallah/lakehouse_benchmark/actions/runs/35732997698,947f402,10,tpcds,linux-6.17.0-1022-azure,4,15.6,3.12.14,lakesail_iceberg,0.7.1,ok,warm,query,1,6.2409,100,ok,
35732997698-1,2026-09-22T14:23:39Z,https://github.com/djouallah/lakehouse_benchmark/actions/runs/35732997698,947f402,10,tpcds,linux-6.17.0-1022-azure,4,15.6,3.12.14,lakesail_iceberg,0.7.1,ok,warm,query,2,15.3146,2513,ok,
35732997698-1,2026-09-22T14:23:39Z,https://github.com/djouallah/lakehouse_benchmark/actions/runs/35732997698,947f402,10,tpcds,linux-6.17.0-1022-azure,4,15.6,3.12.14,lakesail_iceberg,0.7.1,ok,warm,query,3,34.9254,100,ok,
35732997698-1,2026-09-22T14:23:39Z,https://github.com/djouallah/lakehouse_benchmark/actions/runs/35732997698,947f402,10,tpcds,linux-6.17.0-1022-azure,4,15.6,3.12.14,lakesail_iceberg,0.7.1,ok,warm,query,4,37.107,100,ok,
35732997698-1,2026-09-22T14:23:39Z,https://github.com/djouallah/lakehouse_benchmark/actions/runs/35732997698,947f402,10,tpcds,linux-6.17.0-1022-azure,4,15.6,3.12.14,lakesail_iceberg,0.7.1,ok,warm,query,5,32.968,100,ok,
35732997698-1,2026-09-22T14:23:39Z,https://github.com/djouallah/lakehouse_benchmark/actions/runs/35732997698,947f402,10,tpcds,linux-6.17.0-1022-azure,4,15.6,3.12.14,lakesail_iceberg,0.7.1,ok,warm,query,6,22.3762,51,ok,
35732997698-1,2026-09-22T14:23:39Z,https://github.com/djouallah/lakehouse_benchmark/actions/runs/35732997698,947f402,10,tpcds,linux-6.17.0-1022-azure,4,15.6,3.12.14,lakesail_iceberg,0.7.1,ok,warm,query,7,20.0006,100,ok,
35732997698-1,2026-09-22T14:23:39Z,https://github.com/djouallah/lakehouse_benchmark/actions/runs/35732997698,947f402,10,tpcds,linux-6.17.0-1022-azure,4,15.6,3.12.14,lakesail_iceberg,0.7.1,ok,warm,query,8,26.1466,9,ok,
35732997698-1,2026-09-22T14:23:39Z,https://github.com/djouallah/lakehouse_benchmark/actions/runs/35732997698,947f402,10,tpcds,linux-6.17.0-1022-azure,4,15.6,3.12.14,lakesail_iceberg,0.7.1,ok,warm,query,9,22.1855,1,ok,
35732997698-1,2026-09-22T14:23:39Z,https://github.com/djouallah/lakehouse_benchmark/actions/runs/35732997698,947f402,10,tpcds,linux-6.17.0-1022-azure,4,15.6,3.12.14,lakesail_iceberg,0.7.1,ok,warm,query,10,29.9765,100,ok,
35732997698-1,2026-09-22T14:23:39Z,https://github.com/djouallah/lakehouse_benchmark/actions/runs/35732997698,947f402,10,tpcds,linux-6.17.0-1022-azure,4,15.6,3.12.14,lakesail_iceberg,0.7.1,ok,warm,query,11,51.435,100,ok,
35732997698-1,2026-09-22T14:23:39Z,https://github.com/djouallah/lakehouse_benchmark/actions/runs/35732997698,947f402,10,tpcds,linux-6.17.0-1022-azure,4,15.6,3.12.14,lakesail_iceberg,0.7.1,ok,warm,query,12,28.8546,100,ok,
35732997698-1,2026-09-22T14:23:39Z,https://github.com/djouallah/lakehouse_benchmark/actions/runs/35732997698,947f402,10,tpcds,linux-6.17.0-1022-azure,4,15.6,3.12.14,lakesail_iceberg,0.7.1,ok,warm,query,13,27.1777,1,ok,
35732997698-1,2026-09-22T14:23:39Z,https://github.com/djouallah/lakehouse_benchmark/actions/runs/35732997698,947f402,10,tpcds,linux-6.17.0-1022-azure,4,15.6,3.12.14,lakesail_iceberg,0.7.1,ok,warm,query,14,59.8058,100,ok,
35732997698-1,2026-09-22T14:23:39Z,https://github.com/djouallah/lakehouse_benchmark/actions/runs/35732997698,947f402,10,tpcds,linux-6.17.0-1022-azure,4,15.6,3.12.14,lakesail_iceberg,0.7.1,ok,warm,query,15,6.7624,100,ok,
35732997698-1,2026-09-22T14:23:39Z,https://github.com/djouallah/lakehouse_benchmark/actions/runs/35732997698,947f402,10,tpcds,linux-6.17.0-1022-azure,4,15.6,3.12.14,lakesail_iceberg,0.7.1,ok,warm,query,16,,,error,"IllegalArgumentException: invalid argument: found ""order count"" at 54:67 expected identifier, or '('"
35732997698-1,2026-09-22T14:23:39Z,https://github.com/djouallah/lakehouse_benchmark/actions/runs/35732997698,947f402,10,tpcds,linux-6.17.0-1022-azure,4,15.6,3.12.14,lakesail_iceberg,0.7.1,ok,warm,query,17,27.9392,0,ok,
35732997698-1,2026-09-22T14:23:39Z,https://github.com/djouallah/lakehouse_benchmark/actions/runs/35732997698,947f402,10,tpcds,linux-6.17.0-1022-azure,4,15.6,3.12.14,lakesail_iceberg,0.7.1,ok,warm,query,18,42.6974,100,ok,
35732997698-1,2026-09-22T14:23:39Z,https://github.com/djouallah/lakehouse_benchmark/actions/runs/35732997698,947f402,10,tpcds,linux-6.17.0-1022-azure,4,15.6,3.12.14,lakesail_iceberg,0.7.1,ok,warm,query,19,22.9271,100,ok,
35732997698-1,2026-09-22T14:23:39Z,https://github.com/djouallah/lakehouse_benchmark/actions/runs/35732997698,947f402,10,tpcds,linux-6.17.0-1022-azure,4,15.6,3.12.14,lakesail_iceberg,0.7.1,ok,warm,query,20,8.6193,100,ok,
35732997698-1,2026-09-22T14:23:39Z,https://github.com/djouallah/lakehouse_benchmark/actions/runs/35732997698,947f402,10,tpcds,linux-6.17.0-1022-azure,4,15.6,3.12.14,lakesail_iceberg,0.7.1,ok,warm,query,21,64.7242,100,ok,
35732997698-1,2026-09-22T14:23:39Z,https://github.com/djouallah/lakehouse_benchmark/actions/runs/35732997698,947f402,10,tpcds,linux-6.17.0-1022-azure,4,15.6,3.12.14,lakesail_iceberg,0.7.1,ok,warm,query,22,18.0927,100,ok,
35732997698-1,2026-09-22T14:23:39Z,https://github.com/djouallah/lakehouse_benchmark/actions/runs/35732997698,947f402,10,tpcds,linux-6.17.0-1022-azure,4,15.6,3.12.14,lakesail_iceberg,0.7.1,ok,warm,query,23,38.6005,100,ok,
35732997698-1,2026-09-22T14:23:39Z,https://github.com/djouallah/lakehouse_benchmark/actions/runs/35732997698,947f402,10,tpcds,linux-6.17.0-1022-azure,4,15.6,3.12.14,lakesail_iceberg,0.7.1,ok,warm,query,24,28.4004,7,ok,
35732997698-1,2026-09-22T14:23:39Z,https://github.com/djouallah/lakehouse_benchmark/actions/runs/35732997698,947f402,10,tpcds,linux-6.17.0-1022-azure,4,15.6,3.12.14,lakesail_iceberg,0.7.1,ok,warm,query,25,31.1755,1,ok,
35732997698-1,2026-09-22T14:23:39Z,https://github.com/djouallah/lakehouse_benchmark/actions/runs/35732997698,947f402,10,tpcds,linux-6.17.0-1022-azure,4,15.6,3.12.14,lakesail_iceberg,0.7.1,ok,warm,query,26,16.4407,100,ok,
35732997698-1,2026-09-22T14:23:39Z,https://github.com/djouallah/lakehouse_benchmark/actions/runs/35732997698,947f402,10,tpcds,linux-6.17.0-1022-azure,4,15.6,3.12.14,lakesail_iceberg,0.7.1,ok,warm,query,27,26.6384,100,ok,
35732997698-1,2026-09-22T14:23:39Z,https://github.com/djouallah/lakehouse_benchmark/actions/runs/35732997698,947f402,10,tpcds,linux-6.17.0-1022-azure,4,15.6,3.12.14,lakesail_iceberg,0.7.1,ok,warm,query,28,12.4546,1,ok,
35732997698-1,2026-09-22T14:23:39Z,https://github.com/djouallah/lakehouse_benchmark/actions/runs/35732997698,947f402,10,tpcds,linux-6.17.0-1022-azure,4,15.6,3.12.14,lakesail_iceberg,0.7.1,ok,warm,query,29,31.0554,3,ok,
35732997698-1,2026-09-22T14:23:39Z,https://github.com/djouallah/lakehouse_benchmark/actions/runs/35732997698,947f402,10,tpcds,linux-6.17.0-1022-azure,4,15.6,3.12.14,lakesail_iceberg,0.7.1,ok,warm,query,30,6.7554,100,ok,
35732997698-1,2026-09-22T14:23:39Z,https://github.com/djouallah/lakehouse_benchmark/actions/runs/35732997698,947f402,10,tpcds,linux-6.17.0-1022-azure,4,15.6,3.12.14,lakesail_iceberg,0.7.1,ok,warm,query,31,40.1789,288,ok,
35732997698-1,2026-09-22T14:23:39Z,https://github.com/djouallah/lakehouse_benchmark/actions/runs/35732997698,947f402,10,tpcds,linux-6.17.0-1022-azure,4,15.6,3.12.14,lakesail_iceberg,0.7.1,ok,warm,query,32,,,error,"IllegalArgumentException: invalid argument: found ""excess discount amount"" at 47:71 expected identifier, or '('"
35732997698-1,2026-09-22T14:23:39Z,https://github.com/djouallah/lakehouse_benchmark/actions/runs/35732997698,947f402,10,tpcds,linux-6.17.0-1022-azure,4,15.6,3.12.14,lakesail_iceberg,0.7.1,ok,warm,query,33,20.4834,100,ok,
35732997698-1,2026-09-22T14:23:39Z,https://github.com/djouallah/lakehouse_benchmark/actions/runs/35732997698,947f402,10,tpcds,linux-6.17.0-1022-azure,4,15.6,3.12.14,lakesail_iceberg,0.7.1,ok,warm,query,34,19.2317,1546,ok,
35732997698-1,2026-09-22T14:23:39Z,https://github.com/djouallah/lakehouse_benchmark/actions/runs/35732997698,947f402,10,tpcds,linux-6.17.0-1022-azure,4,15.6,3.12.14,lakesail_iceberg,0.7.1,ok,warm,query,35,20.6486,100,ok,
35732997698-1,2026-09-22T14:23:39Z,https://github.com/djouallah/lakehouse_benchmark/actions/runs/35732997698,947f402,10,tpcds,linux-6.17.0-1022-azure,4,15.6,3.12.14,lakesail_iceberg,0.7.1,ok,warm,query,36,19.8977,100,ok,
35732997698-1,2026-09-22T14:23:39Z,https://github.com/djouallah/lakehouse_benchmark/actions/runs/35732997698,947f402,10,tpcds,linux-6.17.0-1022-azure,4,15.6,3.12.14,lakesail_iceberg,0.7.1,ok,warm,query,37,42.5739,2,ok,
35732997698-1,2026-09-22T14:23:39Z,https://github.com/djouallah/lakehouse_benchmark/actions/runs/35732997698,947f402,10,tpcds,linux-6.17.0-1022-azure,4,15.6,3.12.14,lakesail_iceberg,0.7.1,ok,warm,query,38,18.787,1,ok,
35732997698-1,2026-09-22T14:23:39Z,https://github.com/djouallah/lakehouse_benchmark/actions/runs/35732997698,947f402,10,tpcds,linux-6.17.0-1022-azure,4,15.6,3.12.14,lakesail_iceberg,0.7.1,ok,warm,query,39,64.4783,2433,ok,
35732997698-1,2026-09-22T14:23:39Z,https://github.com/djouallah/lakehouse_benchmark/actions/runs/35732997698,947f402,10,tpcds,linux-6.17.0-1022-azure,4,15.6,3.12.14,lakesail_iceberg,0.7.1,ok,warm,query,40,16.4434,100,ok,
35732997698-1,2026-09-22T14:23:39Z,https://github.com/djouallah/lakehouse_benchmark/actions/runs/35732997698,947f402,10,tpcds,linux-6.17.0-1022-azure,4,15.6,3.12.14,lakesail_iceberg,0.7.1,ok,warm,query,41,1.9511,41,ok,
35732997698-1,2026-09-22T14:23:39Z,https://github.com/djouallah/lakehouse_benchmark/actions/runs/35732997698,947f402,10,tpcds,linux-6.17.0-1022-azure,4,15.6,3.12.14,lakesail_iceberg,0.7.1,ok,warm,query,42,11.2428,11,ok,
35732997698-1,2026-09-22T14:23:39Z,https://github.com/djouallah/lakehouse_benchmark/actions/runs/35732997698,947f402,10,tpcds,linux-6.17.0-1022-azure,4,15.6,3.12.14,lakesail_iceberg,0.7.1,ok,warm,query,43,17.985,17,ok,
35732997698-1,2026-09-22T14:23:39Z,https://github.com/djouallah/lakehouse_benchmark/actions/runs/35732997698,947f402,10,tpcds,linux-6.17.0-1022-azure,4,15.6,3.12.14,lakesail_iceberg,0.7.1,ok,warm,query,44,32.9878,10,ok,
35732997698-1,2026-09-22T14:23:39Z,https://github.com/djouallah/lakehouse_benchmark/actions/runs/35732997698,947f402,10,tpcds,linux-6.17.0-1022-azure,4,15.6,3.12.14,lakesail_iceberg,0.7.1,ok,warm,query,45,10.8722,49,ok,
35732997698-1,2026-09-22T14:23:39Z,https://github.com/djouallah/lakehouse_benchmark/actions/runs/35732997698,947f402,10,tpcds,linux-6.17.0-1022-azure,4,15.6,3.12.14,lakesail_iceberg,0.7.1,ok,warm,query,46,22.6545,100,ok,
35732997698-1,2026-09-22T14:23:39Z,https://github.com/djouallah/lakehouse_benchmark/actions/runs/35732997698,947f402,10,tpcds,linux-6.17.0-1022-azure,4,15.6,3.12.14,lakesail_iceberg,0.7.1,ok,warm,query,47,47.5774,100,ok,
35732997698-1,2026-09-22T14:23:39Z,https://github.com/djouallah/lakehouse_benchmark/actions/runs/35732997698,947f402,10,tpcds,linux-6.17.0-1022-azure,4,15.6,3.12.14,lakesail_iceberg,0.7.1,ok,warm,query,48,25.4661,1,ok,
35732997698-1,2026-09-22T14:23:39Z,https://github.com/djouallah/lakehouse_benchmark/actions/runs/35732997698,947f402,10,tpcds,linux-6.17.0-1022-azure,4,15.6,3.12.14,lakesail_iceberg,0.7.1,ok,warm,query,49,47.4405,41,ok,
35732997698-1,2026-09-22T14:23:39Z,https://github.com/djouallah/lakehouse_benchmark/actions/runs/35732997698,947f402,10,tpcds,linux-6.17.0-1022-azure,4,15.6,3.12.14,lakesail_iceberg,0.7.1,ok,warm,query,50,,,error,"IllegalArgumentException: invalid argument: found ""30 days"" at 337:346 expected identifier, or '('"
35732997698-1,2026-09-22T14:23:39Z,https://github.com/djouallah/lakehouse_benchmark/actions/runs/35732997698,947f402,10,tpcds,linux-6.17.0-1022-azure,4,15.6,3.12.14,lakesail_iceberg,0.7.1,ok,warm,query,51,16.4435,100,ok,
35732997698-1,2026-09-22T14:23:39Z,https://github.com/djouallah/lakehouse_benchmark/actions/runs/35732997698,947f402,10,tpcds,linux-6.17.0-1022-azure,4,15.6,3.12.14,lakesail_iceberg,0.7.1,ok,warm,query,52,11.0167,100,ok,
35732997698-1,2026-09-22T14:23:39Z,https://github.com/djouallah/lakehouse_benchmark/actions/runs/35732997698,947f402,10,tpcds,linux-6.17.0-1022-azure,4,15.6,3.12.14,lakesail_iceberg,0.7.1,ok,warm,query,53,,,error,AnalysisException: Failed to load table DS0010.item: response error: status code 400 Bad Request
35732997698-1,2026-09-22T14:23:39Z,https://github.com/djouallah/lakehouse_benchmark/actions/runs/35732997698,947f402,10,tpcds,linux-6.17.0-1022-azure,4,15.6,3.12.14,lakesail_iceberg,0.7.1,ok,warm,query,54,,,error,AnalysisException: Failed to load table DS0010.catalog_sales: response error: status code 400 Bad Request
35732997698-1,2026-09-22T14:23:39Z,https://github.com/djouallah/lakehouse_benchmark/actions/runs/35732997698,947f402,10,tpcds,linux-6.17.0-1022-azure,4,15.6,3.12.14,lakesail_iceberg,0.7.1,ok,warm,query,55,,,error,AnalysisException: Failed to load table DS0010.date_dim: response error: status code 400 Bad Request
35732997698-1,2026-09-22T14:23:39Z,https://github.com/djouallah/lakehouse_benchmark/actions/runs/35732997698,947f402,10,tpcds,linux-6.17.0-1022-azure,4,15.6,3.12.14,lakesail_iceberg,0.7.1,ok,warm,query,56,,,error,AnalysisException: Failed to load table DS0010.store_sales: response error: status code 400 Bad Request
35732997698-1,2026-09-22T14:23:39Z,https://github.com/djouallah/lakehouse_benchmark/actions/runs/35732997698,947f402,10,tpcds,linux-6.17.0-1022-azure,4,15.6,3.12.14,lakesail_iceberg,0.7.1,ok,warm,query,57,,,error,AnalysisException: Failed to load table DS0010.item: response error: status code 400 Bad Request
35732997698-1,2026-09-22T14:23:39Z,https://github.com/djouallah/lakehouse_benchmark/actions/runs/35732997698,947f402,10,tpcds,linux-6.17.0-1022-azure,4,15.6,3.12.14,lakesail_iceberg,0.7.1,ok,warm,query,58,,,error,AnalysisException: Failed to load table DS0010.store_sales: response error: status code 400 Bad Request
35732997698-1,2026-09-22T14:23:39Z,https://github.com/djouallah/lakehouse_benchmark/actions/runs/35732997698,947f402,10,tpcds,linux-6.17.0-1022-azure,4,15.6,3.12.14,lakesail_iceberg,0.7.1,ok,warm,query,59,,,error,AnalysisException: Failed to load table DS0010.store_sales: response error: status code 400 Bad Request
35732997698-1,2026-09-22T14:23:39Z,https://github.com/djouallah/lakehouse_benchmark/actions/runs/35732997698,947f402,10,tpcds,linux-6.17.0-1022-azure,4,15.6,3.12.14,lakesail_iceberg,0.7.1,ok,warm,query,60,,,error,AnalysisException: Failed to load table DS0010.store_sales: response error: status code 400 Bad Request
35732997698-1,2026-09-22T14:23:39Z,https://github.com/djouallah/lakehouse_benchmark/actions/runs/35732997698,947f402,10,tpcds,linux-6.17.0-1022-azure,4,15.6,3.12.14,lakesail_iceberg,0.7.1,ok,warm,query,61,,,error,AnalysisException: Failed to load table DS0010.store_sales: response error: status code 400 Bad Request
35732997698-1,2026-09-22T14:23:39Z,https://github.com/djouallah/lakehouse_benchmark/actions/runs/35732997698,947f402,10,tpcds,linux-6.17.0-1022-azure,4,15.6,3.12.14,lakesail_iceberg,0.7.1,ok,warm,query,62,,,error,"IllegalArgumentException: invalid argument: found ""30 days"" at 188:197 expected identifier, or '('"
35732997698-1,2026-09-22T14:23:39Z,https://github.com/djouallah/lakehouse_benchmark/actions/runs/35732997698,947f402,10,tpcds,linux-6.17.0-1022-azure,4,15.6,3.12.14,lakesail_iceberg,0.7.1,ok,warm,query,63,,,error,AnalysisException: Failed to load table DS0010.item: response error: status code 400 Bad Request
35732997698-1,2026-09-22T14:23:39Z,https://github.com/djouallah/lakehouse_benchmark/actions/runs/35732997698,947f402,10,tpcds,linux-6.17.0-1022-azure,4,15.6,3.12.14,lakesail_iceberg,0.7.1,ok,warm,query,64,,,error,AnalysisException: Failed to load table DS0010.catalog_sales: response error: status code 400 Bad Request
35732997698-1,2026-09-22T14:23:39Z,https://github.com/djouallah/lakehouse_benchmark/actions/runs/35732997698,947f402,10,tpcds,linux-6.17.0-1022-azure,4,15.6,3.12.14,lakesail_iceberg,0.7.1,ok,warm,query,65,,,error,AnalysisException: Failed to load table DS0010.store: response error: status code 400 Bad Request
35732997698-1,2026-09-22T14:23:39Z,https://github.com/djouallah/lakehouse_benchmark/actions/runs/35732997698,947f402,10,tpcds,linux-6.17.0-1022-azure,4,15.6,3.12.14,lakesail_iceberg,0.7.1,ok,warm,query,66,,,error,AnalysisException: Failed to load table DS0010.web_sales: response error: status code 400 Bad Request
35732997698-1,2026-09-22T14:23:39Z,https://github.com/djouallah/lakehouse_benchmark/actions/runs/35732997698,947f402,10,tpcds,linux-6.17.0-1022-azure,4,15.6,3.12.14,lakesail_iceberg,0.7.1,ok,warm,query,67,,,error,AnalysisException: Failed to load table DS0010.store_sales: response error: status code 400 Bad Request
35732997698-1,2026-09-22T14:23:39Z,https://github.com/djouallah/lakehouse_benchmark/actions/runs/35732997698,947f402,10,tpcds,linux-6.17.0-1022-azure,4,15.6,3.12.14,lakesail_iceberg,0.7.1,ok,warm,query,68,,,error,AnalysisException: Failed to load table DS0010.store_sales: response error: status code 400 Bad Request
35732997698-1,2026-09-22T14:23:39Z,https://github.com/djouallah/lakehouse_benchmark/actions/runs/35732997698,947f402,10,tpcds,linux-6.17.0-1022-azure,4,15.6,3.12.14,lakesail_iceberg,0.7.1,ok,warm,query,69,,,error,AnalysisException: Failed to load table DS0010.customer: response error: status code 400 Bad Request
35732997698-1,2026-09-22T14:23:39Z,https://github.com/djouallah/lakehouse_benchmark/actions/runs/35732997698,947f402,10,tpcds,linux-6.17.0-1022-azure,4,15.6,3.12.14,lakesail_iceberg,0.7.1,ok,warm,query,70,,,error,AnalysisException: Failed to load table DS0010.store_sales: response error: status code 400 Bad Request
35732997698-1,2026-09-22T14:23:39Z,https://github.com/djouallah/lakehouse_benchmark/actions/runs/35732997698,947f402,10,tpcds,linux-6.17.0-1022-azure,4,15.6,3.12.14,lakesail_iceberg,0.7.1,ok,warm,query,71,,,error,AnalysisException: Failed to load table DS0010.item: response error: status code 400 Bad Request
35732997698-1,2026-09-22T14:23:39Z,https://github.com/djouallah/lakehouse_benchmark/actions/runs/35732997698,947f402,10,tpcds,linux-6.17.0-1022-azure,4,15.6,3.12.14,lakesail_iceberg,0.7.1,ok,warm,query,72,,,error,AnalysisException: Failed to load table DS0010.catalog_sales: response error: status code 400 Bad Request
35732997698-1,2026-09-22T14:23:39Z,https://github.com/djouallah/lakehouse_benchmark/actions/runs/35732997698,947f402,10,tpcds,linux-6.17.0-1022-azure,4,15.6,3.12.14,lakesail_iceberg,0.7.1,ok,warm,query,73,,,error,AnalysisException: Failed to load table DS0010.store_sales: response error: status code 400 Bad Request
35732997698-1,2026-09-22T14:23:39Z,https://github.com/djouallah/lakehouse_benchmark/actions/runs/35732997698,947f402,10,tpcds,linux-6.17.0-1022-azure,4,15.6,3.12.14,lakesail_iceberg,0.7.1,ok,warm,query,74,,,error,AnalysisException: Failed to load table DS0010.customer: response error: status code 400 Bad Request
35732997698-1,2026-09-22T14:23:39Z,https://github.com/djouallah/lakehouse_benchmark/actions/runs/35732997698,947f402,10,tpcds,linux-6.17.0-1022-azure,4,15.6,3.12.14,lakesail_iceberg,0.7.1,ok,warm,query,75,,,error,AnalysisException: Failed to load table DS0010.catalog_sales: response error: status code 400 Bad Request
35732997698-1,2026-09-22T14:23:39Z,https://github.com/djouallah/lakehouse_benchmark/actions/runs/35732997698,947f402,10,tpcds,linux-6.17.0-1022-azure,4,15.6,3.12.14,lakesail_iceberg,0.7.1,ok,warm,query,76,,,error,AnalysisException: Failed to load table DS0010.store_sales: response error: status code 400 Bad Request
35732997698-1,2026-09-22T14:23:39Z,https://github.com/djouallah/lakehouse_benchmark/actions/runs/35732997698,947f402,10,tpcds,linux-6.17.0-1022-azure,4,15.6,3.12.14,lakesail_iceberg,0.7.1,ok,warm,query,77,,,error,AnalysisException: Failed to load table DS0010.store_sales: response error: status code 400 Bad Request
35732997698-1,2026-09-22T14:23:39Z,https://github.com/djouallah/lakehouse_benchmark/actions/runs/35732997698,947f402,10,tpcds,linux-6.17.0-1022-azure,4,15.6,3.12.14,lakesail_iceberg,0.7.1,ok,warm,query,78,,,error,AnalysisException: Failed to load table DS0010.web_sales: response error: status code 400 Bad Request
35732997698-1,2026-09-22T14:23:39Z,https://github.com/djouallah/lakehouse_benchmark/actions/runs/35732997698,947f402,10,tpcds,linux-6.17.0-1022-azure,4,15.6,3.12.14,lakesail_iceberg,0.7.1,ok,warm,query,79,,,error,AnalysisException: Failed to load table DS0010.store_sales: response error: status code 400 Bad Request
35732997698-1,2026-09-22T14:23:39Z,https://github.com/djouallah/lakehouse_benchmark/actions/runs/35732997698,947f402,10,tpcds,linux-6.17.0-1022-azure,4,15.6,3.12.14,lakesail_iceberg,0.7.1,ok,warm,query,80,,,error,AnalysisException: Failed to load table DS0010.store_sales: response error: status code 400 Bad Request
35732997698-1,2026-09-22T14:23:39Z,https://github.com/djouallah/lakehouse_benchmark/actions/runs/35732997698,947f402,10,tpcds,linux-6.17.0-1022-azure,4,15.6,3.12.14,lakesail_iceberg,0.7.1,ok,warm,query,81,,,error,AnalysisException: Failed to load table DS0010.catalog_returns: response error: status code 400 Bad Request
35732997698-1,2026-09-22T14:23:39Z,https://github.com/djouallah/lakehouse_benchmark/actions/runs/35732997698,947f402,10,tpcds,linux-6.17.0-1022-azure,4,15.6,3.12.14,lakesail_iceberg,0.7.1,ok,warm,query,82,,,error,AnalysisException: Failed to load table DS0010.item: response error: status code 400 Bad Request
35732997698-1,2026-09-22T14:23:39Z,https://github.com/djouallah/lakehouse_benchmark/actions/runs/35732997698,947f402,10,tpcds,linux-6.17.0-1022-azure,4,15.6,3.12.14,lakesail_iceberg,0.7.1,ok,warm,query,83,,,error,AnalysisException: Failed to load table DS0010.store_returns: response error: status code 400 Bad Request
35732997698-1,2026-09-22T14:23:39Z,https://github.com/djouallah/lakehouse_benchmark/actions/runs/35732997698,947f402,10,tpcds,linux-6.17.0-1022-azure,4,15.6,3.12.14,lakesail_iceberg,0.7.1,ok,warm,query,84,,,error,AnalysisException: Failed to load table DS0010.customer: response error: status code 400 Bad Request
35732997698-1,2026-09-22T14:23:39Z,https://github.com/djouallah/lakehouse_benchmark/actions/runs/35732997698,947f402,10,tpcds,linux-6.17.0-1022-azure,4,15.6,3.12.14,lakesail_iceberg,0.7.1,ok,warm,query,85,,,error,AnalysisException: Failed to load table DS0010.web_sales: response error: status code 400 Bad Request
35732997698-1,2026-09-22T14:23:39Z,https://github.com/djouallah/lakehouse_benchmark/actions/runs/35732997698,947f402,10,tpcds,linux-6.17.0-1022-azure,4,15.6,3.12.14,lakesail_iceberg,0.7.1,ok,warm,query,86,,,error,AnalysisException: Failed to load table DS0010.web_sales: response error: status code 400 Bad Request
35732997698-1,2026-09-22T14:23:39Z,https://github.com/djouallah/lakehouse_benchmark/actions/runs/35732997698,947f402,10,tpcds,linux-6.17.0-1022-azure,4,15.6,3.12.14,lakesail_iceberg,0.7.1,ok,warm,query,87,,,error,AnalysisException: Failed to load table DS0010.store_sales: response error: status code 400 Bad Request
35732997698-1,2026-09-22T14:23:39Z,https://github.com/djouallah/lakehouse_benchmark/actions/runs/35732997698,947f402,10,tpcds,linux-6.17.0-1022-azure,4,15.6,3.12.14,lakesail_iceberg,0.7.1,ok,warm,query,88,,,error,AnalysisException: Failed to load table DS0010.store_sales: response error: status code 400 Bad Request
35732997698-1,2026-09-22T14:23:39Z,https://github.com/djouallah/lakehouse_benchmark/actions/runs/35732997698,947f402,10,tpcds,linux-6.17.0-1022-azure,4,15.6,3.12.14,lakesail_iceberg,0.7.1,ok,warm,query,89,,,error,AnalysisException: Failed to load table DS0010.item: response error: status code 400 Bad Request
35732997698-1,2026-09-22T14:23:39Z,https://github.com/djouallah/lakehouse_benchmark/actions/runs/35732997698,947f402,10,tpcds,linux-6.17.0-1022-azure,4,15.6,3.12.14,lakesail_iceberg,0.7.1,ok,warm,query,90,,,error,AnalysisException: Failed to load table DS0010.web_sales: response error: status code 400 Bad Request
35732997698-1,2026-09-22T14:23:39Z,https://github.com/djouallah/lakehouse_benchmark/actions/runs/35732997698,947f402,10,tpcds,linux-6.17.0-1022-azure,4,15.6,3.12.14,lakesail_iceberg,0.7.1,ok,warm,query,91,,,error,AnalysisException: Failed to load table DS0010.call_center: response error: status code 400 Bad Request
35732997698-1,2026-09-22T14:23:39Z,https://github.com/djouallah/lakehouse_benchmark/actions/runs/35732997698,947f402,10,tpcds,linux-6.17.0-1022-azure,4,15.6,3.12.14,lakesail_iceberg,0.7.1,ok,warm,query,92,,,error,"IllegalArgumentException: invalid argument: found ""Excess Discount Amount"" at 47:71 expected identifier, or '('"
35732997698-1,2026-09-22T14:23:39Z,https://github.com/djouallah/lakehouse_benchmark/actions/runs/35732997698,947f402,10,tpcds,linux-6.17.0-1022-azure,4,15.6,3.12.14,lakesail_iceberg,0.7.1,ok,warm,query,93,,,error,AnalysisException: Failed to load table DS0010.store_sales: response error: status code 400 Bad Request
35732997698-1,2026-09-22T14:23:39Z,https://github.com/djouallah/lakehouse_benchmark/actions/runs/35732997698,947f402,10,tpcds,linux-6.17.0-1022-azure,4,15.6,3.12.14,lakesail_iceberg,0.7.1,ok,warm,query,94,,,error,"IllegalArgumentException: invalid argument: found ""order count"" at 54:67 expected identifier, or '('"
35732997698-1,2026-09-22T14:23:39Z,https://github.com/djouallah/lakehouse_benchmark/actions/runs/35732997698,947f402,10,tpcds,linux-6.17.0-1022-azure,4,15.6,3.12.14,lakesail_iceberg,0.7.1,ok,warm,query,95,,,error,"IllegalArgumentException: invalid argument: found ""order count"" at 331:344 expected identifier, or '('"
35732997698-1,2026-09-22T14:23:39Z,https://github.com/djouallah/lakehouse_benchmark/actions/runs/35732997698,947f402,10,tpcds,linux-6.17.0-1022-azure,4,15.6,3.12.14,lakesail_iceberg,0.7.1,ok,warm,query,96,,,error,AnalysisException: Failed to load table DS0010.store_sales: response error: status code 400 Bad Request
35732997698-1,2026-09-22T14:23:39Z,https://github.com/djouallah/lakehouse_benchmark/actions/runs/35732997698,947f402,10,tpcds,linux-6.17.0-1022-azure,4,15.6,3.12.14,lakesail_iceberg,0.7.1,ok,warm,query,97,,,error,AnalysisException: Failed to load table DS0010.store_sales: response error: status code 400 Bad Request
35732997698-1,2026-09-22T14:23:39Z,https://github.com/djouallah/lakehouse_benchmark/actions/runs/35732997698,947f402,10,tpcds,linux-6.17.0-1022-azure,4,15.6,3.12.14,lakesail_iceberg,0.7.1,ok,warm,query,98,,,error,AnalysisException: Failed to load table DS0010.store_sales: response error: status code 400 Bad Request
35732997698-1,2026-09-22T14:23:39Z,https://github.com/djouallah/lakehouse_benchmark/actions/runs/35732997698,947f402,10,tpcds,linux-6.17.0-1022-azure,4,15.6,3.12.14,lakesail_iceberg,0.7.1,ok,warm,query,99,,,error,"IllegalArgumentException: invalid argument: found ""30 days"" at 211:220 expected identifier, or '('"
